Event;Timestamp;Framecount;SessionID;Email;BCIState;InputWindow;InputWindowOrder;InterTrialTimer;InputWindowTimer;GameState;CurrentFabAlarm;AccInputTrialsLeft;AccInputRate;FabInputTrialsLeft;FabInputRate;RejInputTrialsLeft;RejInputRate;AssistSuccessTrialsLeft;AssistSuccessRate;AssistFailTrialsLeft;AssistFailRate;ExplicitShamTrialsLeft;ExplicitShamRate;TrialResult;BCIConfidence;InputNumber;TrialGoal
BCIStateUpdated;2021-01-25 15:29:23.9446;1;7b38f0c796a4069a4297af7f198927d2;anonymous;Connecting;NULL;NULL;NULL;NULL;NULL;NULL;NULL;NULL;NULL;NULL;NULL;NULL;NULL;NULL;NULL;NULL;NULL;NULL;NULL;NULL;NULL;NULL
BCIStateUpdated;2021-01-25 15:29:26.4504;99;7b38f0c796a4069a4297af7f198927d2;anonymous;ReceivingHeader;NULL;NULL;NULL;NULL;NULL;NULL;NULL;NULL;NULL;NULL;NULL;NULL;NULL;NULL;NULL;NULL;NULL;NULL;NULL;NULL;NULL;NULL
BCIStateUpdated;2021-01-25 15:29:27.5291;101;7b38f0c796a4069a4297af7f198927d2;anonymous;ReceivingData;NULL;NULL;NULL;NULL;NULL;NULL;NULL;NULL;NULL;NULL;NULL;NULL;NULL;NULL;NULL;NULL;NULL;NULL;NULL;NULL;NULL;NULL
GameRunning;2021-01-25 15:29:29.4897;1030;7b38f0c796a4069a4297af7f198927d2;anonymous;NULL;Closed;0;0.0000;0.0000;Running;0.0000;10;0.0000;6;0.0000;4;0.0000;0;0.0000;0;0.0000;0;0.0000;NA;NULL;NULL;NULL
MotorImagery;2021-01-25 15:29:42.1179;7772;7b38f0c796a4069a4297af7f198927d2;anonymous;ReceivingData;NULL;NULL;NULL;NULL;NULL;NULL;NULL;NULL;NULL;NULL;NULL;NULL;NULL;NULL;NULL;NULL;NULL;NULL;NULL;0.6676;1;NULL
InputWindowChange;2021-01-25 15:29:43.2685;8323;7b38f0c796a4069a4297af7f198927d2;anonymous;NULL;Open;0;0.0000;0.0000;Running;2.4848;10;0.0000;6;0.0000;4;0.0000;0;0.0000;0;0.0000;0;0.0000;NA;NULL;NULL;NULL
Rest;2021-01-25 15:29:45.6941;9452;7b38f0c796a4069a4297af7f198927d2;anonymous;ReceivingData;NULL;NULL;NULL;NULL;NULL;NULL;NULL;NULL;NULL;NULL;NULL;NULL;NULL;NULL;NULL;NULL;NULL;NULL;NULL;0.6354;1;NULL
InputWindowChange;2021-01-25 15:29:47.2670;10182;7b38f0c796a4069a4297af7f198927d2;anonymous;NULL;Closed;0;0.0008;0.0000;Running;2.4848;10;0.0000;6;0.0000;4;0.0000;0;0.0000;0;0.0000;0;0.0000;NA;NULL;NULL;NULL
GameDecision;2021-01-25 15:29:47.2689;10182;7b38f0c796a4069a4297af7f198927d2;anonymous;NULL;Closed;0;0.0008;0.0000;Running;2.4848;11;0.0000;6;0.0000;2;0.0500;0;0.0000;0;0.0000;0;0.0000;RejInput;NULL;NULL;AccInput
MotorImagery;2021-01-25 15:29:47.6001;10341;7b38f0c796a4069a4297af7f198927d2;anonymous;ReceivingData;NULL;NULL;NULL;NULL;NULL;NULL;NULL;NULL;NULL;NULL;NULL;NULL;NULL;NULL;NULL;NULL;NULL;NULL;NULL;0.6609;2;NULL
Rest;2021-01-25 15:29:49.2589;11118;7b38f0c796a4069a4297af7f198927d2;anonymous;ReceivingData;NULL;NULL;NULL;NULL;NULL;NULL;NULL;NULL;NULL;NULL;NULL;NULL;NULL;NULL;NULL;NULL;NULL;NULL;NULL;0.6326;2;NULL
MotorImagery;2021-01-25 15:29:50.1615;11540;7b38f0c796a4069a4297af7f198927d2;anonymous;ReceivingData;NULL;NULL;NULL;NULL;NULL;NULL;NULL;NULL;NULL;NULL;NULL;NULL;NULL;NULL;NULL;NULL;NULL;NULL;NULL;0.6440;3;NULL
Rest;2021-01-25 15:29:50.2922;11596;7b38f0c796a4069a4297af7f198927d2;anonymous;ReceivingData;NULL;NULL;NULL;NULL;NULL;NULL;NULL;NULL;NULL;NULL;NULL;NULL;NULL;NULL;NULL;NULL;NULL;NULL;NULL;0.6293;3;NULL
MotorImagery;2021-01-25 15:29:55.1503;13773;7b38f0c796a4069a4297af7f198927d2;anonymous;ReceivingData;NULL;NULL;NULL;NULL;NULL;NULL;NULL;NULL;NULL;NULL;NULL;NULL;NULL;NULL;NULL;NULL;NULL;NULL;NULL;0.6431;4;NULL
Rest;2021-01-25 15:29:55.1533;13774;7b38f0c796a4069a4297af7f198927d2;anonymous;ReceivingData;NULL;NULL;NULL;NULL;NULL;NULL;NULL;NULL;NULL;NULL;NULL;NULL;NULL;NULL;NULL;NULL;NULL;NULL;NULL;0.6302;4;NULL
MotorImagery;2021-01-25 15:29:56.5527;14422;7b38f0c796a4069a4297af7f198927d2;anonymous;ReceivingData;NULL;NULL;NULL;NULL;NULL;NULL;NULL;NULL;NULL;NULL;NULL;NULL;NULL;NULL;NULL;NULL;NULL;NULL;NULL;0.6456;5;NULL
Rest;2021-01-25 15:29:56.5547;14423;7b38f0c796a4069a4297af7f198927d2;anonymous;ReceivingData;NULL;NULL;NULL;NULL;NULL;NULL;NULL;NULL;NULL;NULL;NULL;NULL;NULL;NULL;NULL;NULL;NULL;NULL;NULL;0.6310;5;NULL
MotorImagery;2021-01-25 15:29:56.8031;14541;7b38f0c796a4069a4297af7f198927d2;anonymous;ReceivingData;NULL;NULL;NULL;NULL;NULL;NULL;NULL;NULL;NULL;NULL;NULL;NULL;NULL;NULL;NULL;NULL;NULL;NULL;NULL;0.6437;6;NULL
Rest;2021-01-25 15:29:56.9297;14601;7b38f0c796a4069a4297af7f198927d2;anonymous;ReceivingData;NULL;NULL;NULL;NULL;NULL;NULL;NULL;NULL;NULL;NULL;NULL;NULL;NULL;NULL;NULL;NULL;NULL;NULL;NULL;0.6280;6;NULL
InputWindowChange;2021-01-25 15:29:58.0683;15133;7b38f0c796a4069a4297af7f198927d2;anonymous;NULL;Open;1;0.0008;0.0000;Running;1.5382;11;0.0000;6;0.0000;2;0.0500;0;0.0000;0;0.0000;0;0.0000;NA;NULL;NULL;NULL
MotorImagery;2021-01-25 15:29:58.2149;15201;7b38f0c796a4069a4297af7f198927d2;anonymous;ReceivingData;NULL;NULL;NULL;NULL;NULL;NULL;NULL;NULL;NULL;NULL;NULL;NULL;NULL;NULL;NULL;NULL;NULL;NULL;NULL;0.6447;7;NULL
InputWindowChange;2021-01-25 15:29:58.2149;15201;7b38f0c796a4069a4297af7f198927d2;anonymous;NULL;Closed;1;-3.8504;0.0000;Running;1.5382;11;0.0000;6;0.0000;2;0.0500;0;0.0000;0;0.0000;0;0.0000;NA;NULL;NULL;NULL
GameDecision;2021-01-25 15:29:58.2169;15201;7b38f0c796a4069a4297af7f198927d2;anonymous;NULL;Closed;1;-3.8504;0.0000;Running;1.5382;10;0.0500;6;0.0000;2;0.0500;0;0.0000;0;0.0000;0;0.0000;AccInput;NULL;NULL;AccInput
Rest;2021-01-25 15:29:58.2189;15202;7b38f0c796a4069a4297af7f198927d2;anonymous;ReceivingData;NULL;NULL;NULL;NULL;NULL;NULL;NULL;NULL;NULL;NULL;NULL;NULL;NULL;NULL;NULL;NULL;NULL;NULL;NULL;0.6083;7;NULL
MotorImagery;2021-01-25 15:29:59.2294;15671;7b38f0c796a4069a4297af7f198927d2;anonymous;ReceivingData;NULL;NULL;NULL;NULL;NULL;NULL;NULL;NULL;NULL;NULL;NULL;NULL;NULL;NULL;NULL;NULL;NULL;NULL;NULL;0.6583;8;NULL
Rest;2021-01-25 15:29:59.4917;15792;7b38f0c796a4069a4297af7f198927d2;anonymous;ReceivingData;NULL;NULL;NULL;NULL;NULL;NULL;NULL;NULL;NULL;NULL;NULL;NULL;NULL;NULL;NULL;NULL;NULL;NULL;NULL;0.6200;8;NULL
MotorImagery;2021-01-25 15:29:59.6163;15849;7b38f0c796a4069a4297af7f198927d2;anonymous;ReceivingData;NULL;NULL;NULL;NULL;NULL;NULL;NULL;NULL;NULL;NULL;NULL;NULL;NULL;NULL;NULL;NULL;NULL;NULL;NULL;0.6629;9;NULL
Rest;2021-01-25 15:29:59.8667;15965;7b38f0c796a4069a4297af7f198927d2;anonymous;ReceivingData;NULL;NULL;NULL;NULL;NULL;NULL;NULL;NULL;NULL;NULL;NULL;NULL;NULL;NULL;NULL;NULL;NULL;NULL;NULL;0.6009;9;NULL
MotorImagery;2021-01-25 15:30:00.5056;16258;7b38f0c796a4069a4297af7f198927d2;anonymous;ReceivingData;NULL;NULL;NULL;NULL;NULL;NULL;NULL;NULL;NULL;NULL;NULL;NULL;NULL;NULL;NULL;NULL;NULL;NULL;NULL;0.6600;10;NULL
Rest;2021-01-25 15:30:00.7570;16377;7b38f0c796a4069a4297af7f198927d2;anonymous;ReceivingData;NULL;NULL;NULL;NULL;NULL;NULL;NULL;NULL;NULL;NULL;NULL;NULL;NULL;NULL;NULL;NULL;NULL;NULL;NULL;0.6256;10;NULL
MotorImagery;2021-01-25 15:30:00.9006;16447;7b38f0c796a4069a4297af7f198927d2;anonymous;ReceivingData;NULL;NULL;NULL;NULL;NULL;NULL;NULL;NULL;NULL;NULL;NULL;NULL;NULL;NULL;NULL;NULL;NULL;NULL;NULL;0.6552;11;NULL
Rest;2021-01-25 15:30:01.6611;16788;7b38f0c796a4069a4297af7f198927d2;anonymous;ReceivingData;NULL;NULL;NULL;NULL;NULL;NULL;NULL;NULL;NULL;NULL;NULL;NULL;NULL;NULL;NULL;NULL;NULL;NULL;NULL;0.6076;11;NULL
MotorImagery;2021-01-25 15:30:01.7887;16844;7b38f0c796a4069a4297af7f198927d2;anonymous;ReceivingData;NULL;NULL;NULL;NULL;NULL;NULL;NULL;NULL;NULL;NULL;NULL;NULL;NULL;NULL;NULL;NULL;NULL;NULL;NULL;0.6542;12;NULL
Rest;2021-01-25 15:30:02.0411;16956;7b38f0c796a4069a4297af7f198927d2;anonymous;ReceivingData;NULL;NULL;NULL;NULL;NULL;NULL;NULL;NULL;NULL;NULL;NULL;NULL;NULL;NULL;NULL;NULL;NULL;NULL;NULL;0.6195;12;NULL
MotorImagery;2021-01-25 15:30:04.8506;18185;7b38f0c796a4069a4297af7f198927d2;anonymous;ReceivingData;NULL;NULL;NULL;NULL;NULL;NULL;NULL;NULL;NULL;NULL;NULL;NULL;NULL;NULL;NULL;NULL;NULL;NULL;NULL;0.6420;13;NULL
Rest;2021-01-25 15:30:04.9818;18241;7b38f0c796a4069a4297af7f198927d2;anonymous;ReceivingData;NULL;NULL;NULL;NULL;NULL;NULL;NULL;NULL;NULL;NULL;NULL;NULL;NULL;NULL;NULL;NULL;NULL;NULL;NULL;0.6345;13;NULL
MotorImagery;2021-01-25 15:30:05.1184;18303;7b38f0c796a4069a4297af7f198927d2;anonymous;ReceivingData;NULL;NULL;NULL;NULL;NULL;NULL;NULL;NULL;NULL;NULL;NULL;NULL;NULL;NULL;NULL;NULL;NULL;NULL;NULL;0.6417;14;NULL
Rest;2021-01-25 15:30:05.2411;18361;7b38f0c796a4069a4297af7f198927d2;anonymous;ReceivingData;NULL;NULL;NULL;NULL;NULL;NULL;NULL;NULL;NULL;NULL;NULL;NULL;NULL;NULL;NULL;NULL;NULL;NULL;NULL;0.6394;14;NULL
MotorImagery;2021-01-25 15:30:06.5290;18923;7b38f0c796a4069a4297af7f198927d2;anonymous;ReceivingData;NULL;NULL;NULL;NULL;NULL;NULL;NULL;NULL;NULL;NULL;NULL;NULL;NULL;NULL;NULL;NULL;NULL;NULL;NULL;0.6430;15;NULL
Rest;2021-01-25 15:30:06.6519;18983;7b38f0c796a4069a4297af7f198927d2;anonymous;ReceivingData;NULL;NULL;NULL;NULL;NULL;NULL;NULL;NULL;NULL;NULL;NULL;NULL;NULL;NULL;NULL;NULL;NULL;NULL;NULL;0.6126;15;NULL
MotorImagery;2021-01-25 15:30:06.7726;19038;7b38f0c796a4069a4297af7f198927d2;anonymous;ReceivingData;NULL;NULL;NULL;NULL;NULL;NULL;NULL;NULL;NULL;NULL;NULL;NULL;NULL;NULL;NULL;NULL;NULL;NULL;NULL;0.6519;16;NULL
Rest;2021-01-25 15:30:06.8983;19099;7b38f0c796a4069a4297af7f198927d2;anonymous;ReceivingData;NULL;NULL;NULL;NULL;NULL;NULL;NULL;NULL;NULL;NULL;NULL;NULL;NULL;NULL;NULL;NULL;NULL;NULL;NULL;0.6320;16;NULL
MotorImagery;2021-01-25 15:30:07.7957;19516;7b38f0c796a4069a4297af7f198927d2;anonymous;ReceivingData;NULL;NULL;NULL;NULL;NULL;NULL;NULL;NULL;NULL;NULL;NULL;NULL;NULL;NULL;NULL;NULL;NULL;NULL;NULL;0.6472;17;NULL
Rest;2021-01-25 15:30:07.9160;19573;7b38f0c796a4069a4297af7f198927d2;anonymous;ReceivingData;NULL;NULL;NULL;NULL;NULL;NULL;NULL;NULL;NULL;NULL;NULL;NULL;NULL;NULL;NULL;NULL;NULL;NULL;NULL;0.6390;17;NULL
MotorImagery;2021-01-25 15:30:08.6930;19934;7b38f0c796a4069a4297af7f198927d2;anonymous;ReceivingData;NULL;NULL;NULL;NULL;NULL;NULL;NULL;NULL;NULL;NULL;NULL;NULL;NULL;NULL;NULL;NULL;NULL;NULL;NULL;0.6523;18;NULL
Rest;2021-01-25 15:30:08.9443;20057;7b38f0c796a4069a4297af7f198927d2;anonymous;ReceivingData;NULL;NULL;NULL;NULL;NULL;NULL;NULL;NULL;NULL;NULL;NULL;NULL;NULL;NULL;NULL;NULL;NULL;NULL;NULL;0.6240;18;NULL
InputWindowChange;2021-01-25 15:30:09.1488;20149;7b38f0c796a4069a4297af7f198927d2;anonymous;NULL;Open;2;-3.8504;0.0000;Running;1.3649;10;0.0500;6;0.0000;2;0.0500;0;0.0000;0;0.0000;0;0.0000;NA;NULL;NULL;NULL
MotorImagery;2021-01-25 15:30:11.8801;21412;7b38f0c796a4069a4297af7f198927d2;anonymous;ReceivingData;NULL;NULL;NULL;NULL;NULL;NULL;NULL;NULL;NULL;NULL;NULL;NULL;NULL;NULL;NULL;NULL;NULL;NULL;NULL;0.6517;19;NULL
InputWindowChange;2021-01-25 15:30:11.8801;21412;7b38f0c796a4069a4297af7f198927d2;anonymous;NULL;Closed;2;-5.1157;0.0000;Running;1.3649;10;0.0500;6;0.0000;2;0.0500;0;0.0000;0;0.0000;0;0.0000;NA;NULL;NULL;NULL
GameDecision;2021-01-25 15:30:11.8801;21412;7b38f0c796a4069a4297af7f198927d2;anonymous;NULL;Closed;2;-5.1157;0.0000;Running;1.3649;9;0.1000;6;0.0000;2;0.0500;0;0.0000;0;0.0000;0;0.0000;AccInput;NULL;NULL;AccInput
Rest;2021-01-25 15:30:12.1305;21527;7b38f0c796a4069a4297af7f198927d2;anonymous;ReceivingData;NULL;NULL;NULL;NULL;NULL;NULL;NULL;NULL;NULL;NULL;NULL;NULL;NULL;NULL;NULL;NULL;NULL;NULL;NULL;0.6367;19;NULL
MotorImagery;2021-01-25 15:30:12.1335;21528;7b38f0c796a4069a4297af7f198927d2;anonymous;ReceivingData;NULL;NULL;NULL;NULL;NULL;NULL;NULL;NULL;NULL;NULL;NULL;NULL;NULL;NULL;NULL;NULL;NULL;NULL;NULL;0.6569;20;NULL
Rest;2021-01-25 15:30:12.7724;21826;7b38f0c796a4069a4297af7f198927d2;anonymous;ReceivingData;NULL;NULL;NULL;NULL;NULL;NULL;NULL;NULL;NULL;NULL;NULL;NULL;NULL;NULL;NULL;NULL;NULL;NULL;NULL;0.6354;20;NULL
MotorImagery;2021-01-25 15:30:15.9755;23230;7b38f0c796a4069a4297af7f198927d2;anonymous;ReceivingData;NULL;NULL;NULL;NULL;NULL;NULL;NULL;NULL;NULL;NULL;NULL;NULL;NULL;NULL;NULL;NULL;NULL;NULL;NULL;0.6505;21;NULL
Rest;2021-01-25 15:30:16.2308;23340;7b38f0c796a4069a4297af7f198927d2;anonymous;ReceivingData;NULL;NULL;NULL;NULL;NULL;NULL;NULL;NULL;NULL;NULL;NULL;NULL;NULL;NULL;NULL;NULL;NULL;NULL;NULL;0.6244;21;NULL
InputWindowChange;2021-01-25 15:30:21.6275;25802;7b38f0c796a4069a4297af7f198927d2;anonymous;NULL;Open;3;-5.1157;0.0000;Running;1.9476;9;0.1000;6;0.0000;2;0.0500;0;0.0000;0;0.0000;0;0.0000;NA;NULL;NULL;NULL
MotorImagery;2021-01-25 15:30:21.9731;25964;7b38f0c796a4069a4297af7f198927d2;anonymous;ReceivingData;NULL;NULL;NULL;NULL;NULL;NULL;NULL;NULL;NULL;NULL;NULL;NULL;NULL;NULL;NULL;NULL;NULL;NULL;NULL;0.6705;22;NULL
Rest;2021-01-25 15:30:22.7391;26316;7b38f0c796a4069a4297af7f198927d2;anonymous;ReceivingData;NULL;NULL;NULL;NULL;NULL;NULL;NULL;NULL;NULL;NULL;NULL;NULL;NULL;NULL;NULL;NULL;NULL;NULL;NULL;0.6342;22;NULL
InputWindowChange;2021-01-25 15:30:23.5752;26697;7b38f0c796a4069a4297af7f198927d2;anonymous;NULL;Closed;3;-7.1660;0.0000;Running;1.9476;9;0.1000;6;0.0000;2;0.0500;0;0.0000;0;0.0000;0;0.0000;NA;NULL;NULL;NULL
GameDecision;2021-01-25 15:30:23.5752;26697;7b38f0c796a4069a4297af7f198927d2;anonymous;NULL;Closed;3;-7.1660;0.0000;Running;1.9476;9;0.1000;5;0.0500;2;0.0500;0;0.0000;0;0.0000;0;0.0000;FabInput;NULL;NULL;FabInput
InputWindowChange;2021-01-25 15:30:33.7267;31064;7b38f0c796a4069a4297af7f198927d2;anonymous;NULL;Open;4;-7.1660;0.0000;Running;2.2729;9;0.1000;5;0.0500;2;0.0500;0;0.0000;0;0.0000;0;0.0000;NA;NULL;NULL;NULL
MotorImagery;2021-01-25 15:30:35.5235;31847;7b38f0c796a4069a4297af7f198927d2;anonymous;ReceivingData;NULL;NULL;NULL;NULL;NULL;NULL;NULL;NULL;NULL;NULL;NULL;NULL;NULL;NULL;NULL;NULL;NULL;NULL;NULL;0.6631;23;NULL
Rest;2021-01-25 15:30:36.5383;32288;7b38f0c796a4069a4297af7f198927d2;anonymous;ReceivingData;NULL;NULL;NULL;NULL;NULL;NULL;NULL;NULL;NULL;NULL;NULL;NULL;NULL;NULL;NULL;NULL;NULL;NULL;NULL;0.5983;23;NULL
MotorImagery;2021-01-25 15:30:37.6955;32797;7b38f0c796a4069a4297af7f198927d2;anonymous;ReceivingData;NULL;NULL;NULL;NULL;NULL;NULL;NULL;NULL;NULL;NULL;NULL;NULL;NULL;NULL;NULL;NULL;NULL;NULL;NULL;0.6420;24;NULL
InputWindowChange;2021-01-25 15:30:37.7244;32810;7b38f0c796a4069a4297af7f198927d2;anonymous;NULL;Closed;4;-7.1648;0.0000;Running;2.2729;9;0.1000;5;0.0500;2;0.0500;0;0.0000;0;0.0000;0;0.0000;NA;NULL;NULL;NULL
GameDecision;2021-01-25 15:30:37.7254;32810;7b38f0c796a4069a4297af7f198927d2;anonymous;NULL;Closed;4;-7.1648;0.0000;Running;2.2729;9;0.1000;5;0.0500;1;0.1000;0;0.0000;0;0.0000;0;0.0000;RejInput;NULL;NULL;RejInput
Rest;2021-01-25 15:30:37.8201;32851;7b38f0c796a4069a4297af7f198927d2;anonymous;ReceivingData;NULL;NULL;NULL;NULL;NULL;NULL;NULL;NULL;NULL;NULL;NULL;NULL;NULL;NULL;NULL;NULL;NULL;NULL;NULL;0.5659;24;NULL
MotorImagery;2021-01-25 15:30:38.0725;32964;7b38f0c796a4069a4297af7f198927d2;anonymous;ReceivingData;NULL;NULL;NULL;NULL;NULL;NULL;NULL;NULL;NULL;NULL;NULL;NULL;NULL;NULL;NULL;NULL;NULL;NULL;NULL;0.6579;25;NULL
Rest;2021-01-25 15:30:38.1961;33019;7b38f0c796a4069a4297af7f198927d2;anonymous;ReceivingData;NULL;NULL;NULL;NULL;NULL;NULL;NULL;NULL;NULL;NULL;NULL;NULL;NULL;NULL;NULL;NULL;NULL;NULL;NULL;0.6318;25;NULL
InputWindowChange;2021-01-25 15:30:48.4882;37390;7b38f0c796a4069a4297af7f198927d2;anonymous;NULL;Open;5;-7.1648;0.0000;Running;1.1293;9;0.1000;5;0.0500;1;0.1000;0;0.0000;0;0.0000;0;0.0000;NA;NULL;NULL;NULL
InputWindowChange;2021-01-25 15:30:49.6180;37877;7b38f0c796a4069a4297af7f198927d2;anonymous;NULL;Closed;5;-10.0330;0.0000;Running;1.1293;9;0.1000;5;0.0500;1;0.1000;0;0.0000;0;0.0000;0;0.0000;NA;NULL;NULL;NULL
GameDecision;2021-01-25 15:30:49.6190;37877;7b38f0c796a4069a4297af7f198927d2;anonymous;NULL;Closed;5;-10.0330;0.0000;Running;1.1293;9;0.1000;4;0.1000;1;0.1000;0;0.0000;0;0.0000;0;0.0000;FabInput;NULL;NULL;FabInput
InputWindowChange;2021-01-25 15:31:00.0679;42568;7b38f0c796a4069a4297af7f198927d2;anonymous;NULL;Open;6;-10.0330;0.0000;Running;1.8099;9;0.1000;4;0.1000;1;0.1000;0;0.0000;0;0.0000;0;0.0000;NA;NULL;NULL;NULL
InputWindowChange;2021-01-25 15:31:04.0695;44413;7b38f0c796a4069a4297af7f198927d2;anonymous;NULL;Closed;6;-10.0303;0.0000;Running;1.8099;9;0.1000;4;0.1000;1;0.1000;0;0.0000;0;0.0000;0;0.0000;NA;NULL;NULL;NULL
GameDecision;2021-01-25 15:31:04.0705;44413;7b38f0c796a4069a4297af7f198927d2;anonymous;NULL;Closed;6;-10.0303;0.0000;Running;1.8099;10;0.1000;4;0.1000;0;0.1500;0;0.0000;0;0.0000;0;0.0000;RejInput;NULL;NULL;AccInput
InputWindowChange;2021-01-25 15:31:14.3672;49063;7b38f0c796a4069a4297af7f198927d2;anonymous;NULL;Open;7;-10.0303;0.0000;Running;2.1244;10;0.1000;4;0.1000;0;0.1500;0;0.0000;0;0.0000;0;0.0000;NA;NULL;NULL;NULL
MotorImagery;2021-01-25 15:31:16.6629;50115;7b38f0c796a4069a4297af7f198927d2;anonymous;ReceivingData;NULL;NULL;NULL;NULL;NULL;NULL;NULL;NULL;NULL;NULL;NULL;NULL;NULL;NULL;NULL;NULL;NULL;NULL;NULL;0.6408;26;NULL
InputWindowChange;2021-01-25 15:31:16.6629;50115;7b38f0c796a4069a4297af7f198927d2;anonymous;NULL;Closed;7;-11.7324;0.0000;Running;2.1244;10;0.1000;4;0.1000;0;0.1500;0;0.0000;0;0.0000;0;0.0000;NA;NULL;NULL;NULL
GameDecision;2021-01-25 15:31:16.6639;50115;7b38f0c796a4069a4297af7f198927d2;anonymous;NULL;Closed;7;-11.7324;0.0000;Running;2.1244;9;0.1500;4;0.1000;0;0.1500;0;0.0000;0;0.0000;0;0.0000;AccInput;NULL;NULL;AccInput
Rest;2021-01-25 15:31:16.7866;50165;7b38f0c796a4069a4297af7f198927d2;anonymous;ReceivingData;NULL;NULL;NULL;NULL;NULL;NULL;NULL;NULL;NULL;NULL;NULL;NULL;NULL;NULL;NULL;NULL;NULL;NULL;NULL;0.6212;26;NULL
MotorImagery;2021-01-25 15:31:18.4463;50928;7b38f0c796a4069a4297af7f198927d2;anonymous;ReceivingData;NULL;NULL;NULL;NULL;NULL;NULL;NULL;NULL;NULL;NULL;NULL;NULL;NULL;NULL;NULL;NULL;NULL;NULL;NULL;0.6550;27;NULL
Rest;2021-01-25 15:31:18.9600;51143;7b38f0c796a4069a4297af7f198927d2;anonymous;ReceivingData;NULL;NULL;NULL;NULL;NULL;NULL;NULL;NULL;NULL;NULL;NULL;NULL;NULL;NULL;NULL;NULL;NULL;NULL;NULL;0.6106;27;NULL
MotorImagery;2021-01-25 15:31:21.0121;52031;7b38f0c796a4069a4297af7f198927d2;anonymous;ReceivingData;NULL;NULL;NULL;NULL;NULL;NULL;NULL;NULL;NULL;NULL;NULL;NULL;NULL;NULL;NULL;NULL;NULL;NULL;NULL;0.6472;28;NULL
Rest;2021-01-25 15:31:22.2879;52607;7b38f0c796a4069a4297af7f198927d2;anonymous;ReceivingData;NULL;NULL;NULL;NULL;NULL;NULL;NULL;NULL;NULL;NULL;NULL;NULL;NULL;NULL;NULL;NULL;NULL;NULL;NULL;0.5730;28;NULL
MotorImagery;2021-01-25 15:31:23.5561;53192;7b38f0c796a4069a4297af7f198927d2;anonymous;ReceivingData;NULL;NULL;NULL;NULL;NULL;NULL;NULL;NULL;NULL;NULL;NULL;NULL;NULL;NULL;NULL;NULL;NULL;NULL;NULL;0.6442;29;NULL
Rest;2021-01-25 15:31:23.5611;53194;7b38f0c796a4069a4297af7f198927d2;anonymous;ReceivingData;NULL;NULL;NULL;NULL;NULL;NULL;NULL;NULL;NULL;NULL;NULL;NULL;NULL;NULL;NULL;NULL;NULL;NULL;NULL;0.6249;29;NULL
InputWindowChange;2021-01-25 15:31:26.3675;54489;7b38f0c796a4069a4297af7f198927d2;anonymous;NULL;Open;8;-11.7324;0.0000;Running;1.4543;9;0.1500;4;0.1000;0;0.1500;0;0.0000;0;0.0000;0;0.0000;NA;NULL;NULL;NULL
MotorImagery;2021-01-25 15:31:26.5082;54549;7b38f0c796a4069a4297af7f198927d2;anonymous;ReceivingData;NULL;NULL;NULL;NULL;NULL;NULL;NULL;NULL;NULL;NULL;NULL;NULL;NULL;NULL;NULL;NULL;NULL;NULL;NULL;0.6490;30;NULL
Rest;2021-01-25 15:31:26.6301;54608;7b38f0c796a4069a4297af7f198927d2;anonymous;ReceivingData;NULL;NULL;NULL;NULL;NULL;NULL;NULL;NULL;NULL;NULL;NULL;NULL;NULL;NULL;NULL;NULL;NULL;NULL;NULL;0.6254;30;NULL
InputWindowChange;2021-01-25 15:31:27.8214;55152;7b38f0c796a4069a4297af7f198927d2;anonymous;NULL;Closed;8;-14.2774;0.0000;Running;1.4543;9;0.1500;4;0.1000;0;0.1500;0;0.0000;0;0.0000;0;0.0000;NA;NULL;NULL;NULL
GameDecision;2021-01-25 15:31:27.8224;55152;7b38f0c796a4069a4297af7f198927d2;anonymous;NULL;Closed;8;-14.2774;0.0000;Running;1.4543;9;0.1500;3;0.1500;0;0.1500;0;0.0000;0;0.0000;0;0.0000;FabInput;NULL;NULL;FabInput
MotorImagery;2021-01-25 15:31:30.2122;56255;7b38f0c796a4069a4297af7f198927d2;anonymous;ReceivingData;NULL;NULL;NULL;NULL;NULL;NULL;NULL;NULL;NULL;NULL;NULL;NULL;NULL;NULL;NULL;NULL;NULL;NULL;NULL;0.6547;31;NULL
Rest;2021-01-25 15:31:30.2152;56256;7b38f0c796a4069a4297af7f198927d2;anonymous;ReceivingData;NULL;NULL;NULL;NULL;NULL;NULL;NULL;NULL;NULL;NULL;NULL;NULL;NULL;NULL;NULL;NULL;NULL;NULL;NULL;0.6228;31;NULL
MotorImagery;2021-01-25 15:31:30.2172;56257;7b38f0c796a4069a4297af7f198927d2;anonymous;ReceivingData;NULL;NULL;NULL;NULL;NULL;NULL;NULL;NULL;NULL;NULL;NULL;NULL;NULL;NULL;NULL;NULL;NULL;NULL;NULL;0.6474;32;NULL
Rest;2021-01-25 15:31:30.4595;56361;7b38f0c796a4069a4297af7f198927d2;anonymous;ReceivingData;NULL;NULL;NULL;NULL;NULL;NULL;NULL;NULL;NULL;NULL;NULL;NULL;NULL;NULL;NULL;NULL;NULL;NULL;NULL;0.6257;32;NULL
MotorImagery;2021-01-25 15:31:34.5576;58142;7b38f0c796a4069a4297af7f198927d2;anonymous;ReceivingData;NULL;NULL;NULL;NULL;NULL;NULL;NULL;NULL;NULL;NULL;NULL;NULL;NULL;NULL;NULL;NULL;NULL;NULL;NULL;0.6482;33;NULL
Rest;2021-01-25 15:31:34.5606;58143;7b38f0c796a4069a4297af7f198927d2;anonymous;ReceivingData;NULL;NULL;NULL;NULL;NULL;NULL;NULL;NULL;NULL;NULL;NULL;NULL;NULL;NULL;NULL;NULL;NULL;NULL;NULL;0.5917;33;NULL
InputWindowChange;2021-01-25 15:31:38.1689;59780;7b38f0c796a4069a4297af7f198927d2;anonymous;NULL;Open;9;-14.2774;0.0000;Running;2.4099;9;0.1500;3;0.1500;0;0.1500;0;0.0000;0;0.0000;0;0.0000;NA;NULL;NULL;NULL
InputWindowChange;2021-01-25 15:31:42.1669;61618;7b38f0c796a4069a4297af7f198927d2;anonymous;NULL;Closed;9;-14.2766;0.0000;Running;2.4099;9;0.1500;3;0.1500;0;0.1500;0;0.0000;0;0.0000;0;0.0000;NA;NULL;NULL;NULL
GameDecision;2021-01-25 15:31:42.1679;61618;7b38f0c796a4069a4297af7f198927d2;anonymous;NULL;Closed;9;-14.2766;0.0000;Running;2.4099;10;0.1500;3;0.1500;0;0.2000;0;0.0000;0;0.0000;0;0.0000;RejInput;NULL;NULL;AccInput
MotorImagery;2021-01-25 15:31:42.6024;61815;7b38f0c796a4069a4297af7f198927d2;anonymous;ReceivingData;NULL;NULL;NULL;NULL;NULL;NULL;NULL;NULL;NULL;NULL;NULL;NULL;NULL;NULL;NULL;NULL;NULL;NULL;NULL;0.6593;34;NULL
Rest;2021-01-25 15:31:43.1032;62049;7b38f0c796a4069a4297af7f198927d2;anonymous;ReceivingData;NULL;NULL;NULL;NULL;NULL;NULL;NULL;NULL;NULL;NULL;NULL;NULL;NULL;NULL;NULL;NULL;NULL;NULL;NULL;0.6387;34;NULL
InputWindowChange;2021-01-25 15:31:52.5275;66324;7b38f0c796a4069a4297af7f198927d2;anonymous;NULL;Open;10;-14.2766;0.0000;Running;1.2258;10;0.1500;3;0.1500;0;0.2000;0;0.0000;0;0.0000;0;0.0000;NA;NULL;NULL;NULL
InputWindowChange;2021-01-25 15:31:53.7507;66881;7b38f0c796a4069a4297af7f198927d2;anonymous;NULL;Closed;10;-17.0500;0.0000;Running;1.2258;10;0.1500;3;0.1500;0;0.2000;0;0.0000;0;0.0000;0;0.0000;NA;NULL;NULL;NULL
GameDecision;2021-01-25 15:31:53.7507;66881;7b38f0c796a4069a4297af7f198927d2;anonymous;NULL;Closed;10;-17.0500;0.0000;Running;1.2258;10;0.1500;2;0.2000;0;0.2000;0;0.0000;0;0.0000;0;0.0000;FabInput;NULL;NULL;FabInput
InputWindowChange;2021-01-25 15:32:04.1666;71580;7b38f0c796a4069a4297af7f198927d2;anonymous;NULL;Open;11;-17.0500;0.0000;Running;1.0458;10;0.1500;2;0.2000;0;0.2000;0;0.0000;0;0.0000;0;0.0000;NA;NULL;NULL;NULL
InputWindowChange;2021-01-25 15:32:08.1662;73423;7b38f0c796a4069a4297af7f198927d2;anonymous;NULL;Closed;11;-17.0485;0.0000;Running;1.0458;10;0.1500;2;0.2000;0;0.2000;0;0.0000;0;0.0000;0;0.0000;NA;NULL;NULL;NULL
GameDecision;2021-01-25 15:32:08.1672;73423;7b38f0c796a4069a4297af7f198927d2;anonymous;NULL;Closed;11;-17.0485;0.0000;Running;1.0458;10;0.1500;2;0.2000;0;0.2500;0;0.0000;0;0.0000;0;0.0000;RejInput;NULL;NULL;AccInput
MotorImagery;2021-01-25 15:32:08.7922;73710;7b38f0c796a4069a4297af7f198927d2;anonymous;ReceivingData;NULL;NULL;NULL;NULL;NULL;NULL;NULL;NULL;NULL;NULL;NULL;NULL;NULL;NULL;NULL;NULL;NULL;NULL;NULL;0.6714;35;NULL
Rest;2021-01-25 15:32:09.0539;73829;7b38f0c796a4069a4297af7f198927d2;anonymous;ReceivingData;NULL;NULL;NULL;NULL;NULL;NULL;NULL;NULL;NULL;NULL;NULL;NULL;NULL;NULL;NULL;NULL;NULL;NULL;NULL;0.5920;35;NULL
InputWindowChange;2021-01-25 15:32:18.9490;78261;7b38f0c796a4069a4297af7f198927d2;anonymous;NULL;Open;12;-17.0485;0.0000;Running;1.4454;10;0.1500;2;0.2000;0;0.2500;0;0.0000;0;0.0000;0;0.0000;NA;NULL;NULL;NULL
InputWindowChange;2021-01-25 15:32:22.9474;80113;7b38f0c796a4069a4297af7f198927d2;anonymous;NULL;Closed;12;-17.0472;0.0000;Running;1.4454;10;0.1500;2;0.2000;0;0.2500;0;0.0000;0;0.0000;0;0.0000;NA;NULL;NULL;NULL
GameDecision;2021-01-25 15:32:22.9494;80113;7b38f0c796a4069a4297af7f198927d2;anonymous;NULL;Closed;12;-17.0472;0.0000;Running;1.4454;10;0.1500;2;0.2000;0;0.3000;0;0.0000;0;0.0000;0;0.0000;RejInput;NULL;NULL;AccInput
MotorImagery;2021-01-25 15:32:23.8664;80533;7b38f0c796a4069a4297af7f198927d2;anonymous;ReceivingData;NULL;NULL;NULL;NULL;NULL;NULL;NULL;NULL;NULL;NULL;NULL;NULL;NULL;NULL;NULL;NULL;NULL;NULL;NULL;0.6511;36;NULL
Rest;2021-01-25 15:32:23.8684;80534;7b38f0c796a4069a4297af7f198927d2;anonymous;ReceivingData;NULL;NULL;NULL;NULL;NULL;NULL;NULL;NULL;NULL;NULL;NULL;NULL;NULL;NULL;NULL;NULL;NULL;NULL;NULL;0.6023;36;NULL
InputWindowChange;2021-01-25 15:32:33.9477;85019;7b38f0c796a4069a4297af7f198927d2;anonymous;NULL;Open;13;-17.0472;0.0000;Running;1.6968;10;0.1500;2;0.2000;0;0.3000;0;0.0000;0;0.0000;0;0.0000;NA;NULL;NULL;NULL
MotorImagery;2021-01-25 15:32:36.7744;86328;7b38f0c796a4069a4297af7f198927d2;anonymous;ReceivingData;NULL;NULL;NULL;NULL;NULL;NULL;NULL;NULL;NULL;NULL;NULL;NULL;NULL;NULL;NULL;NULL;NULL;NULL;NULL;0.6469;37;NULL
InputWindowChange;2021-01-25 15:32:36.7744;86328;7b38f0c796a4069a4297af7f198927d2;anonymous;NULL;Closed;13;-18.2176;0.0000;Running;1.6968;10;0.1500;2;0.2000;0;0.3000;0;0.0000;0;0.0000;0;0.0000;NA;NULL;NULL;NULL
GameDecision;2021-01-25 15:32:36.7754;86328;7b38f0c796a4069a4297af7f198927d2;anonymous;NULL;Closed;13;-18.2176;0.0000;Running;1.6968;9;0.2000;2;0.2000;0;0.3000;0;0.0000;0;0.0000;0;0.0000;AccInput;NULL;NULL;AccInput
Rest;2021-01-25 15:32:37.0267;86444;7b38f0c796a4069a4297af7f198927d2;anonymous;ReceivingData;NULL;NULL;NULL;NULL;NULL;NULL;NULL;NULL;NULL;NULL;NULL;NULL;NULL;NULL;NULL;NULL;NULL;NULL;NULL;0.6309;37;NULL
MotorImagery;2021-01-25 15:32:37.1494;86502;7b38f0c796a4069a4297af7f198927d2;anonymous;ReceivingData;NULL;NULL;NULL;NULL;NULL;NULL;NULL;NULL;NULL;NULL;NULL;NULL;NULL;NULL;NULL;NULL;NULL;NULL;NULL;0.6598;38;NULL
Rest;2021-01-25 15:32:37.2925;86569;7b38f0c796a4069a4297af7f198927d2;anonymous;ReceivingData;NULL;NULL;NULL;NULL;NULL;NULL;NULL;NULL;NULL;NULL;NULL;NULL;NULL;NULL;NULL;NULL;NULL;NULL;NULL;0.5841;38;NULL
InputWindowChange;2021-01-25 15:32:46.4082;90690;7b38f0c796a4069a4297af7f198927d2;anonymous;NULL;Open;14;-18.2176;0.0000;Running;1.4900;9;0.2000;2;0.2000;0;0.3000;0;0.0000;0;0.0000;0;0.0000;NA;NULL;NULL;NULL
InputWindowChange;2021-01-25 15:32:50.4068;92528;7b38f0c796a4069a4297af7f198927d2;anonymous;NULL;Closed;14;-18.2164;0.0000;Running;1.4900;9;0.2000;2;0.2000;0;0.3000;0;0.0000;0;0.0000;0;0.0000;NA;NULL;NULL;NULL
GameDecision;2021-01-25 15:32:50.4078;92528;7b38f0c796a4069a4297af7f198927d2;anonymous;NULL;Closed;14;-18.2164;0.0000;Running;1.4900;9;0.2000;2;0.2000;0;0.3500;0;0.0000;0;0.0000;0;0.0000;RejInput;NULL;NULL;AccInput
InputWindowChange;2021-01-25 15:33:01.5288;97461;7b38f0c796a4069a4297af7f198927d2;anonymous;NULL;Open;15;-18.2164;0.0000;Running;1.3126;9;0.2000;2;0.2000;0;0.3500;0;0.0000;0;0.0000;0;0.0000;NA;NULL;NULL;NULL
InputWindowChange;2021-01-25 15:33:02.8402;98070;7b38f0c796a4069a4297af7f198927d2;anonymous;NULL;Closed;15;-20.9020;0.0000;Running;1.3126;9;0.2000;2;0.2000;0;0.3500;0;0.0000;0;0.0000;0;0.0000;NA;NULL;NULL;NULL
GameDecision;2021-01-25 15:33:02.8412;98070;7b38f0c796a4069a4297af7f198927d2;anonymous;NULL;Closed;15;-20.9020;0.0000;Running;1.3126;9;0.2000;1;0.2500;0;0.3500;0;0.0000;0;0.0000;0;0.0000;FabInput;NULL;NULL;FabInput
InputWindowChange;2021-01-25 15:33:13.2086;102710;7b38f0c796a4069a4297af7f198927d2;anonymous;NULL;Open;16;-20.9020;0.0000;Running;1.2893;9;0.2000;1;0.2500;0;0.3500;0;0.0000;0;0.0000;0;0.0000;NA;NULL;NULL;NULL
MotorImagery;2021-01-25 15:33:14.8520;103475;7b38f0c796a4069a4297af7f198927d2;anonymous;ReceivingData;NULL;NULL;NULL;NULL;NULL;NULL;NULL;NULL;NULL;NULL;NULL;NULL;NULL;NULL;NULL;NULL;NULL;NULL;NULL;0.6493;39;NULL
InputWindowChange;2021-01-25 15:33:14.8520;103475;7b38f0c796a4069a4297af7f198927d2;anonymous;NULL;Closed;16;-23.2549;0.0000;Running;1.2893;9;0.2000;1;0.2500;0;0.3500;0;0.0000;0;0.0000;0;0.0000;NA;NULL;NULL;NULL
GameDecision;2021-01-25 15:33:14.8530;103475;7b38f0c796a4069a4297af7f198927d2;anonymous;NULL;Closed;16;-23.2549;0.0000;Running;1.2893;8;0.2500;1;0.2500;0;0.3500;0;0.0000;0;0.0000;0;0.0000;AccInput;NULL;NULL;AccInput
Rest;2021-01-25 15:33:15.1003;103588;7b38f0c796a4069a4297af7f198927d2;anonymous;ReceivingData;NULL;NULL;NULL;NULL;NULL;NULL;NULL;NULL;NULL;NULL;NULL;NULL;NULL;NULL;NULL;NULL;NULL;NULL;NULL;0.6339;39;NULL
MotorImagery;2021-01-25 15:33:15.2240;103645;7b38f0c796a4069a4297af7f198927d2;anonymous;ReceivingData;NULL;NULL;NULL;NULL;NULL;NULL;NULL;NULL;NULL;NULL;NULL;NULL;NULL;NULL;NULL;NULL;NULL;NULL;NULL;0.6457;40;NULL
Rest;2021-01-25 15:33:15.2260;103646;7b38f0c796a4069a4297af7f198927d2;anonymous;ReceivingData;NULL;NULL;NULL;NULL;NULL;NULL;NULL;NULL;NULL;NULL;NULL;NULL;NULL;NULL;NULL;NULL;NULL;NULL;NULL;0.6336;40;NULL
InputWindowChange;2021-01-25 15:33:25.1477;108125;7b38f0c796a4069a4297af7f198927d2;anonymous;NULL;Open;17;-23.2549;0.0000;Running;1.7856;8;0.2500;1;0.2500;0;0.3500;0;0.0000;0;0.0000;0;0.0000;NA;NULL;NULL;NULL
InputWindowChange;2021-01-25 15:33:29.1480;109942;7b38f0c796a4069a4297af7f198927d2;anonymous;NULL;Closed;17;-23.2535;0.0000;Running;1.7856;8;0.2500;1;0.2500;0;0.3500;0;0.0000;0;0.0000;0;0.0000;NA;NULL;NULL;NULL
GameDecision;2021-01-25 15:33:29.1490;109942;7b38f0c796a4069a4297af7f198927d2;anonymous;NULL;Closed;17;-23.2535;0.0000;Running;1.7856;8;0.2500;1;0.2500;0;0.4000;0;0.0000;0;0.0000;0;0.0000;RejInput;NULL;NULL;AccInput
InputWindowChange;2021-01-25 15:33:40.1277;114840;7b38f0c796a4069a4297af7f198927d2;anonymous;NULL;Open;18;-23.2535;0.0000;Running;1.1977;8;0.2500;1;0.2500;0;0.4000;0;0.0000;0;0.0000;0;0.0000;NA;NULL;NULL;NULL
InputWindowChange;2021-01-25 15:33:41.3249;115389;7b38f0c796a4069a4297af7f198927d2;anonymous;NULL;Closed;18;-26.0542;0.0000;Running;1.1977;8;0.2500;1;0.2500;0;0.4000;0;0.0000;0;0.0000;0;0.0000;NA;NULL;NULL;NULL
GameDecision;2021-01-25 15:33:41.3259;115389;7b38f0c796a4069a4297af7f198927d2;anonymous;NULL;Closed;18;-26.0542;0.0000;Running;1.1977;8;0.2500;0;0.3000;0;0.4000;0;0.0000;0;0.0000;0;0.0000;FabInput;NULL;NULL;FabInput
InputWindowChange;2021-01-25 15:33:51.5479;120009;7b38f0c796a4069a4297af7f198927d2;anonymous;NULL;Open;19;-26.0542;0.0000;Running;1.8353;8;0.2500;0;0.3000;0;0.4000;0;0.0000;0;0.0000;0;0.0000;NA;NULL;NULL;NULL
InputWindowChange;2021-01-25 15:33:55.5476;121865;7b38f0c796a4069a4297af7f198927d2;anonymous;NULL;Closed;19;-26.0525;0.0000;Running;1.8353;8;0.2500;0;0.3000;0;0.4000;0;0.0000;0;0.0000;0;0.0000;NA;NULL;NULL;NULL
GameDecision;2021-01-25 15:33:55.5486;121865;7b38f0c796a4069a4297af7f198927d2;anonymous;NULL;Closed;19;-26.0525;0.0000;Running;1.8353;8;0.2500;0;0.3000;0;0.4500;0;0.0000;0;0.0000;0;0.0000;RejInput;NULL;NULL;AccInput
GameStopped;2021-01-25 15:34:02.4986;124999;7b38f0c796a4069a4297af7f198927d2;anonymous;NULL;Closed;20;0.0000;0.0000;Stopped;1.8353;8;0.2500;0;0.3000;0;0.4500;0;0.0000;0;0.0000;0;0.0000;NA;NULL;NULL;NULL
