Event;Timestamp;Framecount;SessionID;Email;BCIState;BCIConfidence;InputNumber;InputWindow;InputWindowOrder;InterTrialTimer;InputWindowTimer;GameState;CurrentFabAlarm;AccInputTrialsLeft;AccInputRate;FabInputTrialsLeft;FabInputRate;RejInputTrialsLeft;RejInputRate;AssistSuccessTrialsLeft;AssistSuccessRate;AssistFailTrialsLeft;AssistFailRate;ExplicitShamTrialsLeft;ExplicitShamRate;TrialResult;TrialGoal
BCIStateUpdated;2021-01-26 09:12:10.2990;1;1dfb3b79560eaefd9cba4bbe1845a517;anonymous;Connecting;NULL;NULL;NULL;NULL;NULL;NULL;NULL;NULL;NULL;NULL;NULL;NULL;NULL;NULL;NULL;NULL;NULL;NULL;NULL;NULL;NULL;NULL
BCIStateUpdated;2021-01-26 09:12:12.8833;5;1dfb3b79560eaefd9cba4bbe1845a517;anonymous;ReceivingHeader;NULL;NULL;NULL;NULL;NULL;NULL;NULL;NULL;NULL;NULL;NULL;NULL;NULL;NULL;NULL;NULL;NULL;NULL;NULL;NULL;NULL;NULL
BCIStateUpdated;2021-01-26 09:12:12.9342;9;1dfb3b79560eaefd9cba4bbe1845a517;anonymous;ReceivingData;NULL;NULL;NULL;NULL;NULL;NULL;NULL;NULL;NULL;NULL;NULL;NULL;NULL;NULL;NULL;NULL;NULL;NULL;NULL;NULL;NULL;NULL
MotorImagery;2021-01-26 09:12:12.9482;10;1dfb3b79560eaefd9cba4bbe1845a517;anonymous;ReceivingData;0.7339;1;NULL;NULL;NULL;NULL;NULL;NULL;NULL;NULL;NULL;NULL;NULL;NULL;NULL;NULL;NULL;NULL;NULL;NULL;NULL;NULL
Rest;2021-01-26 09:12:14.0666;92;1dfb3b79560eaefd9cba4bbe1845a517;anonymous;ReceivingData;0.6488;1;NULL;NULL;NULL;NULL;NULL;NULL;NULL;NULL;NULL;NULL;NULL;NULL;NULL;NULL;NULL;NULL;NULL;NULL;NULL;NULL
MotorImagery;2021-01-26 09:12:14.2034;102;1dfb3b79560eaefd9cba4bbe1845a517;anonymous;ReceivingData;0.7212;2;NULL;NULL;NULL;NULL;NULL;NULL;NULL;NULL;NULL;NULL;NULL;NULL;NULL;NULL;NULL;NULL;NULL;NULL;NULL;NULL
GameRunning;2021-01-26 09:12:14.5774;129;1dfb3b79560eaefd9cba4bbe1845a517;anonymous;NULL;NULL;NULL;Closed;0;0.0000;0.0000;Running;0.0000;10;0.0000;0;0.0000;10;0.0000;0;0.0000;0;0.0000;0;0.0000;NA;NULL
Rest;2021-01-26 09:12:14.8507;152;1dfb3b79560eaefd9cba4bbe1845a517;anonymous;ReceivingData;0.6503;2;NULL;NULL;NULL;NULL;NULL;NULL;NULL;NULL;NULL;NULL;NULL;NULL;NULL;NULL;NULL;NULL;NULL;NULL;NULL;NULL
MotorImagery;2021-01-26 09:12:16.0031;239;1dfb3b79560eaefd9cba4bbe1845a517;anonymous;ReceivingData;0.7319;3;NULL;NULL;NULL;NULL;NULL;NULL;NULL;NULL;NULL;NULL;NULL;NULL;NULL;NULL;NULL;NULL;NULL;NULL;NULL;NULL
Rest;2021-01-26 09:12:16.3791;268;1dfb3b79560eaefd9cba4bbe1845a517;anonymous;ReceivingData;0.6693;3;NULL;NULL;NULL;NULL;NULL;NULL;NULL;NULL;NULL;NULL;NULL;NULL;NULL;NULL;NULL;NULL;NULL;NULL;NULL;NULL
MotorImagery;2021-01-26 09:12:16.4808;276;1dfb3b79560eaefd9cba4bbe1845a517;anonymous;ReceivingData;0.7029;4;NULL;NULL;NULL;NULL;NULL;NULL;NULL;NULL;NULL;NULL;NULL;NULL;NULL;NULL;NULL;NULL;NULL;NULL;NULL;NULL
Rest;2021-01-26 09:12:16.6115;286;1dfb3b79560eaefd9cba4bbe1845a517;anonymous;ReceivingData;0.4252;4;NULL;NULL;NULL;NULL;NULL;NULL;NULL;NULL;NULL;NULL;NULL;NULL;NULL;NULL;NULL;NULL;NULL;NULL;NULL;NULL
MotorImagery;2021-01-26 09:12:18.9146;466;1dfb3b79560eaefd9cba4bbe1845a517;anonymous;ReceivingData;0.7379;5;NULL;NULL;NULL;NULL;NULL;NULL;NULL;NULL;NULL;NULL;NULL;NULL;NULL;NULL;NULL;NULL;NULL;NULL;NULL;NULL
Rest;2021-01-26 09:12:18.9315;467;1dfb3b79560eaefd9cba4bbe1845a517;anonymous;ReceivingData;0.6891;5;NULL;NULL;NULL;NULL;NULL;NULL;NULL;NULL;NULL;NULL;NULL;NULL;NULL;NULL;NULL;NULL;NULL;NULL;NULL;NULL
MotorImagery;2021-01-26 09:12:21.3458;651;1dfb3b79560eaefd9cba4bbe1845a517;anonymous;ReceivingData;0.7179;6;NULL;NULL;NULL;NULL;NULL;NULL;NULL;NULL;NULL;NULL;NULL;NULL;NULL;NULL;NULL;NULL;NULL;NULL;NULL;NULL
Rest;2021-01-26 09:12:21.8894;691;1dfb3b79560eaefd9cba4bbe1845a517;anonymous;ReceivingData;0.6532;6;NULL;NULL;NULL;NULL;NULL;NULL;NULL;NULL;NULL;NULL;NULL;NULL;NULL;NULL;NULL;NULL;NULL;NULL;NULL;NULL
MotorImagery;2021-01-26 09:12:22.5132;738;1dfb3b79560eaefd9cba4bbe1845a517;anonymous;ReceivingData;0.7770;7;NULL;NULL;NULL;NULL;NULL;NULL;NULL;NULL;NULL;NULL;NULL;NULL;NULL;NULL;NULL;NULL;NULL;NULL;NULL;NULL
InputWindowChange;2021-01-26 09:12:22.8443;764;1dfb3b79560eaefd9cba4bbe1845a517;anonymous;NULL;NULL;NULL;Open;0;0.0000;0.0000;Running;1.2311;10;0.0000;0;0.0000;10;0.0000;0;0.0000;0;0.0000;0;0.0000;NA;NULL
Rest;2021-01-26 09:12:25.8410;974;1dfb3b79560eaefd9cba4bbe1845a517;anonymous;ReceivingData;0.6912;7;NULL;NULL;NULL;NULL;NULL;NULL;NULL;NULL;NULL;NULL;NULL;NULL;NULL;NULL;NULL;NULL;NULL;NULL;NULL;NULL
InputWindowChange;2021-01-26 09:12:26.8429;1045;1dfb3b79560eaefd9cba4bbe1845a517;anonymous;NULL;NULL;NULL;Closed;0;0.0134;0.0000;Running;1.2311;10;0.0000;0;0.0000;10;0.0000;0;0.0000;0;0.0000;0;0.0000;NA;NULL
GameDecision;2021-01-26 09:12:26.8459;1045;1dfb3b79560eaefd9cba4bbe1845a517;anonymous;NULL;NULL;NULL;Closed;0;0.0134;0.0000;Running;1.2311;11;0.0000;0;0.0000;8;0.0500;0;0.0000;0;0.0000;0;0.0000;RejInput;AccInput
MotorImagery;2021-01-26 09:12:32.4523;1425;1dfb3b79560eaefd9cba4bbe1845a517;anonymous;ReceivingData;0.7285;8;NULL;NULL;NULL;NULL;NULL;NULL;NULL;NULL;NULL;NULL;NULL;NULL;NULL;NULL;NULL;NULL;NULL;NULL;NULL;NULL
Rest;2021-01-26 09:12:33.6246;1508;1dfb3b79560eaefd9cba4bbe1845a517;anonymous;ReceivingData;0.6417;8;NULL;NULL;NULL;NULL;NULL;NULL;NULL;NULL;NULL;NULL;NULL;NULL;NULL;NULL;NULL;NULL;NULL;NULL;NULL;NULL
MotorImagery;2021-01-26 09:12:34.2525;1551;1dfb3b79560eaefd9cba4bbe1845a517;anonymous;ReceivingData;0.7198;9;NULL;NULL;NULL;NULL;NULL;NULL;NULL;NULL;NULL;NULL;NULL;NULL;NULL;NULL;NULL;NULL;NULL;NULL;NULL;NULL
Rest;2021-01-26 09:12:34.9243;1599;1dfb3b79560eaefd9cba4bbe1845a517;anonymous;ReceivingData;0.6211;9;NULL;NULL;NULL;NULL;NULL;NULL;NULL;NULL;NULL;NULL;NULL;NULL;NULL;NULL;NULL;NULL;NULL;NULL;NULL;NULL
MotorImagery;2021-01-26 09:12:35.0340;1606;1dfb3b79560eaefd9cba4bbe1845a517;anonymous;ReceivingData;0.7041;10;NULL;NULL;NULL;NULL;NULL;NULL;NULL;NULL;NULL;NULL;NULL;NULL;NULL;NULL;NULL;NULL;NULL;NULL;NULL;NULL
Rest;2021-01-26 09:12:35.1566;1615;1dfb3b79560eaefd9cba4bbe1845a517;anonymous;ReceivingData;0.6847;10;NULL;NULL;NULL;NULL;NULL;NULL;NULL;NULL;NULL;NULL;NULL;NULL;NULL;NULL;NULL;NULL;NULL;NULL;NULL;NULL
InputWindowChange;2021-01-26 09:12:37.2999;1768;1dfb3b79560eaefd9cba4bbe1845a517;anonymous;NULL;NULL;NULL;Open;1;0.0134;0.0000;Running;1.9199;11;0.0000;0;0.0000;8;0.0500;0;0.0000;0;0.0000;0;0.0000;NA;NULL
MotorImagery;2021-01-26 09:12:37.3348;1771;1dfb3b79560eaefd9cba4bbe1845a517;anonymous;ReceivingData;0.7371;11;NULL;NULL;NULL;NULL;NULL;NULL;NULL;NULL;NULL;NULL;NULL;NULL;NULL;NULL;NULL;NULL;NULL;NULL;NULL;NULL
InputWindowChange;2021-01-26 09:12:37.3368;1771;1dfb3b79560eaefd9cba4bbe1845a517;anonymous;NULL;NULL;NULL;Closed;1;-3.9372;0.0000;Running;1.9199;11;0.0000;0;0.0000;8;0.0500;0;0.0000;0;0.0000;0;0.0000;NA;NULL
GameDecision;2021-01-26 09:12:37.3428;1771;1dfb3b79560eaefd9cba4bbe1845a517;anonymous;NULL;NULL;NULL;Closed;1;-3.9372;0.0000;Running;1.9199;10;0.0500;0;0.0000;8;0.0500;0;0.0000;0;0.0000;0;0.0000;AccInput;AccInput
Rest;2021-01-26 09:12:38.3572;1841;1dfb3b79560eaefd9cba4bbe1845a517;anonymous;ReceivingData;0.6999;11;NULL;NULL;NULL;NULL;NULL;NULL;NULL;NULL;NULL;NULL;NULL;NULL;NULL;NULL;NULL;NULL;NULL;NULL;NULL;NULL
MotorImagery;2021-01-26 09:12:40.7828;2012;1dfb3b79560eaefd9cba4bbe1845a517;anonymous;ReceivingData;0.7054;12;NULL;NULL;NULL;NULL;NULL;NULL;NULL;NULL;NULL;NULL;NULL;NULL;NULL;NULL;NULL;NULL;NULL;NULL;NULL;NULL
Rest;2021-01-26 09:12:41.0232;2029;1dfb3b79560eaefd9cba4bbe1845a517;anonymous;ReceivingData;0.6872;12;NULL;NULL;NULL;NULL;NULL;NULL;NULL;NULL;NULL;NULL;NULL;NULL;NULL;NULL;NULL;NULL;NULL;NULL;NULL;NULL
MotorImagery;2021-01-26 09:12:41.0451;2030;1dfb3b79560eaefd9cba4bbe1845a517;anonymous;ReceivingData;0.7201;13;NULL;NULL;NULL;NULL;NULL;NULL;NULL;NULL;NULL;NULL;NULL;NULL;NULL;NULL;NULL;NULL;NULL;NULL;NULL;NULL
Rest;2021-01-26 09:12:41.1578;2039;1dfb3b79560eaefd9cba4bbe1845a517;anonymous;ReceivingData;0.6972;13;NULL;NULL;NULL;NULL;NULL;NULL;NULL;NULL;NULL;NULL;NULL;NULL;NULL;NULL;NULL;NULL;NULL;NULL;NULL;NULL
MotorImagery;2021-01-26 09:12:42.8086;2157;1dfb3b79560eaefd9cba4bbe1845a517;anonymous;ReceivingData;0.7895;14;NULL;NULL;NULL;NULL;NULL;NULL;NULL;NULL;NULL;NULL;NULL;NULL;NULL;NULL;NULL;NULL;NULL;NULL;NULL;NULL
Rest;2021-01-26 09:12:43.5956;2213;1dfb3b79560eaefd9cba4bbe1845a517;anonymous;ReceivingData;0.6279;14;NULL;NULL;NULL;NULL;NULL;NULL;NULL;NULL;NULL;NULL;NULL;NULL;NULL;NULL;NULL;NULL;NULL;NULL;NULL;NULL
MotorImagery;2021-01-26 09:12:47.5838;2489;1dfb3b79560eaefd9cba4bbe1845a517;anonymous;ReceivingData;0.7270;15;NULL;NULL;NULL;NULL;NULL;NULL;NULL;NULL;NULL;NULL;NULL;NULL;NULL;NULL;NULL;NULL;NULL;NULL;NULL;NULL
InputWindowChange;2021-01-26 09:12:48.4638;2544;1dfb3b79560eaefd9cba4bbe1845a517;anonymous;NULL;NULL;NULL;Open;2;-3.9372;0.0000;Running;2.8357;10;0.0500;0;0.0000;8;0.0500;0;0.0000;0;0.0000;0;0.0000;NA;NULL
Rest;2021-01-26 09:12:49.4766;2615;1dfb3b79560eaefd9cba4bbe1845a517;anonymous;ReceivingData;0.6952;15;NULL;NULL;NULL;NULL;NULL;NULL;NULL;NULL;NULL;NULL;NULL;NULL;NULL;NULL;NULL;NULL;NULL;NULL;NULL;NULL
MotorImagery;2021-01-26 09:12:49.6173;2625;1dfb3b79560eaefd9cba4bbe1845a517;anonymous;ReceivingData;0.7180;16;NULL;NULL;NULL;NULL;NULL;NULL;NULL;NULL;NULL;NULL;NULL;NULL;NULL;NULL;NULL;NULL;NULL;NULL;NULL;NULL
InputWindowChange;2021-01-26 09:12:52.4539;2823;1dfb3b79560eaefd9cba4bbe1845a517;anonymous;NULL;NULL;NULL;Closed;2;-3.9291;0.0000;Running;2.8357;10;0.0500;0;0.0000;8;0.0500;0;0.0000;0;0.0000;0;0.0000;NA;NULL
GameDecision;2021-01-26 09:12:52.4549;2823;1dfb3b79560eaefd9cba4bbe1845a517;anonymous;NULL;NULL;NULL;Closed;2;-3.9291;0.0000;Running;2.8357;10;0.0500;0;0.0000;7;0.1000;0;0.0000;0;0.0000;0;0.0000;RejInput;RejInput
Rest;2021-01-26 09:12:53.4074;2890;1dfb3b79560eaefd9cba4bbe1845a517;anonymous;ReceivingData;0.6561;16;NULL;NULL;NULL;NULL;NULL;NULL;NULL;NULL;NULL;NULL;NULL;NULL;NULL;NULL;NULL;NULL;NULL;NULL;NULL;NULL
MotorImagery;2021-01-26 09:12:54.8396;2992;1dfb3b79560eaefd9cba4bbe1845a517;anonymous;ReceivingData;0.7210;17;NULL;NULL;NULL;NULL;NULL;NULL;NULL;NULL;NULL;NULL;NULL;NULL;NULL;NULL;NULL;NULL;NULL;NULL;NULL;NULL
Rest;2021-01-26 09:12:54.8486;2993;1dfb3b79560eaefd9cba4bbe1845a517;anonymous;ReceivingData;0.6818;17;NULL;NULL;NULL;NULL;NULL;NULL;NULL;NULL;NULL;NULL;NULL;NULL;NULL;NULL;NULL;NULL;NULL;NULL;NULL;NULL
MotorImagery;2021-01-26 09:12:55.2216;3023;1dfb3b79560eaefd9cba4bbe1845a517;anonymous;ReceivingData;0.7024;18;NULL;NULL;NULL;NULL;NULL;NULL;NULL;NULL;NULL;NULL;NULL;NULL;NULL;NULL;NULL;NULL;NULL;NULL;NULL;NULL
Rest;2021-01-26 09:12:55.3762;3033;1dfb3b79560eaefd9cba4bbe1845a517;anonymous;ReceivingData;0.6650;18;NULL;NULL;NULL;NULL;NULL;NULL;NULL;NULL;NULL;NULL;NULL;NULL;NULL;NULL;NULL;NULL;NULL;NULL;NULL;NULL
MotorImagery;2021-01-26 09:12:59.5495;3328;1dfb3b79560eaefd9cba4bbe1845a517;anonymous;ReceivingData;0.8039;19;NULL;NULL;NULL;NULL;NULL;NULL;NULL;NULL;NULL;NULL;NULL;NULL;NULL;NULL;NULL;NULL;NULL;NULL;NULL;NULL
Rest;2021-01-26 09:13:00.3110;3386;1dfb3b79560eaefd9cba4bbe1845a517;anonymous;ReceivingData;0.6964;19;NULL;NULL;NULL;NULL;NULL;NULL;NULL;NULL;NULL;NULL;NULL;NULL;NULL;NULL;NULL;NULL;NULL;NULL;NULL;NULL
MotorImagery;2021-01-26 09:13:00.3219;3387;1dfb3b79560eaefd9cba4bbe1845a517;anonymous;ReceivingData;0.7683;20;NULL;NULL;NULL;NULL;NULL;NULL;NULL;NULL;NULL;NULL;NULL;NULL;NULL;NULL;NULL;NULL;NULL;NULL;NULL;NULL
Rest;2021-01-26 09:13:02.1161;3518;1dfb3b79560eaefd9cba4bbe1845a517;anonymous;ReceivingData;0.6852;20;NULL;NULL;NULL;NULL;NULL;NULL;NULL;NULL;NULL;NULL;NULL;NULL;NULL;NULL;NULL;NULL;NULL;NULL;NULL;NULL
MotorImagery;2021-01-26 09:13:02.2408;3527;1dfb3b79560eaefd9cba4bbe1845a517;anonymous;ReceivingData;0.7158;21;NULL;NULL;NULL;NULL;NULL;NULL;NULL;NULL;NULL;NULL;NULL;NULL;NULL;NULL;NULL;NULL;NULL;NULL;NULL;NULL
Rest;2021-01-26 09:13:02.3535;3535;1dfb3b79560eaefd9cba4bbe1845a517;anonymous;ReceivingData;0.6710;21;NULL;NULL;NULL;NULL;NULL;NULL;NULL;NULL;NULL;NULL;NULL;NULL;NULL;NULL;NULL;NULL;NULL;NULL;NULL;NULL
InputWindowChange;2021-01-26 09:13:02.8202;3568;1dfb3b79560eaefd9cba4bbe1845a517;anonymous;NULL;NULL;NULL;Open;3;-3.9291;0.0000;Running;1.9067;10;0.0500;0;0.0000;7;0.1000;0;0.0000;0;0.0000;0;0.0000;NA;NULL
MotorImagery;2021-01-26 09:13:03.0057;3582;1dfb3b79560eaefd9cba4bbe1845a517;anonymous;ReceivingData;0.7085;22;NULL;NULL;NULL;NULL;NULL;NULL;NULL;NULL;NULL;NULL;NULL;NULL;NULL;NULL;NULL;NULL;NULL;NULL;NULL;NULL
InputWindowChange;2021-01-26 09:13:03.0057;3582;1dfb3b79560eaefd9cba4bbe1845a517;anonymous;NULL;NULL;NULL;Closed;3;-7.7308;0.0000;Running;1.9067;10;0.0500;0;0.0000;7;0.1000;0;0.0000;0;0.0000;0;0.0000;NA;NULL
GameDecision;2021-01-26 09:13:03.0077;3582;1dfb3b79560eaefd9cba4bbe1845a517;anonymous;NULL;NULL;NULL;Closed;3;-7.7308;0.0000;Running;1.9067;9;0.1000;0;0.0000;7;0.1000;0;0.0000;0;0.0000;0;0.0000;AccInput;AccInput
Rest;2021-01-26 09:13:03.0127;3583;1dfb3b79560eaefd9cba4bbe1845a517;anonymous;ReceivingData;0.6923;22;NULL;NULL;NULL;NULL;NULL;NULL;NULL;NULL;NULL;NULL;NULL;NULL;NULL;NULL;NULL;NULL;NULL;NULL;NULL;NULL
MotorImagery;2021-01-26 09:13:03.0226;3584;1dfb3b79560eaefd9cba4bbe1845a517;anonymous;ReceivingData;0.7168;23;NULL;NULL;NULL;NULL;NULL;NULL;NULL;NULL;NULL;NULL;NULL;NULL;NULL;NULL;NULL;NULL;NULL;NULL;NULL;NULL
Rest;2021-01-26 09:13:04.1411;3663;1dfb3b79560eaefd9cba4bbe1845a517;anonymous;ReceivingData;0.6865;23;NULL;NULL;NULL;NULL;NULL;NULL;NULL;NULL;NULL;NULL;NULL;NULL;NULL;NULL;NULL;NULL;NULL;NULL;NULL;NULL
MotorImagery;2021-01-26 09:13:10.8171;4139;1dfb3b79560eaefd9cba4bbe1845a517;anonymous;ReceivingData;0.7069;24;NULL;NULL;NULL;NULL;NULL;NULL;NULL;NULL;NULL;NULL;NULL;NULL;NULL;NULL;NULL;NULL;NULL;NULL;NULL;NULL
Rest;2021-01-26 09:13:10.9108;4146;1dfb3b79560eaefd9cba4bbe1845a517;anonymous;ReceivingData;0.6565;24;NULL;NULL;NULL;NULL;NULL;NULL;NULL;NULL;NULL;NULL;NULL;NULL;NULL;NULL;NULL;NULL;NULL;NULL;NULL;NULL
MotorImagery;2021-01-26 09:13:11.0514;4157;1dfb3b79560eaefd9cba4bbe1845a517;anonymous;ReceivingData;0.7231;25;NULL;NULL;NULL;NULL;NULL;NULL;NULL;NULL;NULL;NULL;NULL;NULL;NULL;NULL;NULL;NULL;NULL;NULL;NULL;NULL
InputWindowChange;2021-01-26 09:13:13.9803;4366;1dfb3b79560eaefd9cba4bbe1845a517;anonymous;NULL;NULL;NULL;Open;4;-7.7308;0.0000;Running;1.3001;9;0.1000;0;0.0000;7;0.1000;0;0.0000;0;0.0000;0;0.0000;NA;NULL
Rest;2021-01-26 09:13:14.8781;4426;1dfb3b79560eaefd9cba4bbe1845a517;anonymous;ReceivingData;0.6724;25;NULL;NULL;NULL;NULL;NULL;NULL;NULL;NULL;NULL;NULL;NULL;NULL;NULL;NULL;NULL;NULL;NULL;NULL;NULL;NULL
MotorImagery;2021-01-26 09:13:15.6431;4478;1dfb3b79560eaefd9cba4bbe1845a517;anonymous;ReceivingData;0.7254;26;NULL;NULL;NULL;NULL;NULL;NULL;NULL;NULL;NULL;NULL;NULL;NULL;NULL;NULL;NULL;NULL;NULL;NULL;NULL;NULL
InputWindowChange;2021-01-26 09:13:17.9665;4642;1dfb3b79560eaefd9cba4bbe1845a517;anonymous;NULL;NULL;NULL;Closed;4;-7.7155;0.0000;Running;1.3001;9;0.1000;0;0.0000;7;0.1000;0;0.0000;0;0.0000;0;0.0000;NA;NULL
GameDecision;2021-01-26 09:13:17.9675;4642;1dfb3b79560eaefd9cba4bbe1845a517;anonymous;NULL;NULL;NULL;Closed;4;-7.7155;0.0000;Running;1.3001;9;0.1000;0;0.0000;6;0.1500;0;0.0000;0;0.0000;0;0.0000;RejInput;RejInput
Rest;2021-01-26 09:13:19.4765;4752;1dfb3b79560eaefd9cba4bbe1845a517;anonymous;ReceivingData;0.6917;26;NULL;NULL;NULL;NULL;NULL;NULL;NULL;NULL;NULL;NULL;NULL;NULL;NULL;NULL;NULL;NULL;NULL;NULL;NULL;NULL
MotorImagery;2021-01-26 09:13:27.9092;5347;1dfb3b79560eaefd9cba4bbe1845a517;anonymous;ReceivingData;0.7188;27;NULL;NULL;NULL;NULL;NULL;NULL;NULL;NULL;NULL;NULL;NULL;NULL;NULL;NULL;NULL;NULL;NULL;NULL;NULL;NULL
InputWindowChange;2021-01-26 09:13:28.3291;5377;1dfb3b79560eaefd9cba4bbe1845a517;anonymous;NULL;NULL;NULL;Open;5;-7.7155;0.0000;Running;1.5499;9;0.1000;0;0.0000;6;0.1500;0;0.0000;0;0.0000;0;0.0000;NA;NULL
Rest;2021-01-26 09:13:31.5128;5607;1dfb3b79560eaefd9cba4bbe1845a517;anonymous;ReceivingData;0.6749;27;NULL;NULL;NULL;NULL;NULL;NULL;NULL;NULL;NULL;NULL;NULL;NULL;NULL;NULL;NULL;NULL;NULL;NULL;NULL;NULL
MotorImagery;2021-01-26 09:13:31.8758;5633;1dfb3b79560eaefd9cba4bbe1845a517;anonymous;ReceivingData;0.7070;28;NULL;NULL;NULL;NULL;NULL;NULL;NULL;NULL;NULL;NULL;NULL;NULL;NULL;NULL;NULL;NULL;NULL;NULL;NULL;NULL
InputWindowChange;2021-01-26 09:13:32.3274;5666;1dfb3b79560eaefd9cba4bbe1845a517;anonymous;NULL;NULL;NULL;Closed;5;-7.7001;0.0000;Running;1.5499;9;0.1000;0;0.0000;6;0.1500;0;0.0000;0;0.0000;0;0.0000;NA;NULL
GameDecision;2021-01-26 09:13:32.3284;5666;1dfb3b79560eaefd9cba4bbe1845a517;anonymous;NULL;NULL;NULL;Closed;5;-7.7001;0.0000;Running;1.5499;9;0.1000;0;0.0000;5;0.2000;0;0.0000;0;0.0000;0;0.0000;RejInput;RejInput
Rest;2021-01-26 09:13:33.2784;5734;1dfb3b79560eaefd9cba4bbe1845a517;anonymous;ReceivingData;0.6831;28;NULL;NULL;NULL;NULL;NULL;NULL;NULL;NULL;NULL;NULL;NULL;NULL;NULL;NULL;NULL;NULL;NULL;NULL;NULL;NULL
MotorImagery;2021-01-26 09:13:33.9210;5783;1dfb3b79560eaefd9cba4bbe1845a517;anonymous;ReceivingData;0.7082;29;NULL;NULL;NULL;NULL;NULL;NULL;NULL;NULL;NULL;NULL;NULL;NULL;NULL;NULL;NULL;NULL;NULL;NULL;NULL;NULL
Rest;2021-01-26 09:13:33.9450;5784;1dfb3b79560eaefd9cba4bbe1845a517;anonymous;ReceivingData;0.6491;29;NULL;NULL;NULL;NULL;NULL;NULL;NULL;NULL;NULL;NULL;NULL;NULL;NULL;NULL;NULL;NULL;NULL;NULL;NULL;NULL
MotorImagery;2021-01-26 09:13:41.9768;6357;1dfb3b79560eaefd9cba4bbe1845a517;anonymous;ReceivingData;0.7408;30;NULL;NULL;NULL;NULL;NULL;NULL;NULL;NULL;NULL;NULL;NULL;NULL;NULL;NULL;NULL;NULL;NULL;NULL;NULL;NULL
Rest;2021-01-26 09:13:42.3796;6387;1dfb3b79560eaefd9cba4bbe1845a517;anonymous;ReceivingData;0.6842;30;NULL;NULL;NULL;NULL;NULL;NULL;NULL;NULL;NULL;NULL;NULL;NULL;NULL;NULL;NULL;NULL;NULL;NULL;NULL;NULL
InputWindowChange;2021-01-26 09:13:43.5102;6465;1dfb3b79560eaefd9cba4bbe1845a517;anonymous;NULL;NULL;NULL;Open;6;-7.7001;0.0000;Running;2.0371;9;0.1000;0;0.0000;5;0.2000;0;0.0000;0;0.0000;0;0.0000;NA;NULL
MotorImagery;2021-01-26 09:13:43.7543;6483;1dfb3b79560eaefd9cba4bbe1845a517;anonymous;ReceivingData;0.7249;31;NULL;NULL;NULL;NULL;NULL;NULL;NULL;NULL;NULL;NULL;NULL;NULL;NULL;NULL;NULL;NULL;NULL;NULL;NULL;NULL
InputWindowChange;2021-01-26 09:13:43.7543;6483;1dfb3b79560eaefd9cba4bbe1845a517;anonymous;NULL;NULL;NULL;Closed;6;-11.4367;0.0000;Running;2.0371;9;0.1000;0;0.0000;5;0.2000;0;0.0000;0;0.0000;0;0.0000;NA;NULL
GameDecision;2021-01-26 09:13:43.7543;6483;1dfb3b79560eaefd9cba4bbe1845a517;anonymous;NULL;NULL;NULL;Closed;6;-11.4367;0.0000;Running;2.0371;8;0.1500;0;0.0000;5;0.2000;0;0.0000;0;0.0000;0;0.0000;AccInput;AccInput
Rest;2021-01-26 09:13:44.9200;6563;1dfb3b79560eaefd9cba4bbe1845a517;anonymous;ReceivingData;0.6951;31;NULL;NULL;NULL;NULL;NULL;NULL;NULL;NULL;NULL;NULL;NULL;NULL;NULL;NULL;NULL;NULL;NULL;NULL;NULL;NULL
MotorImagery;2021-01-26 09:13:45.0107;6569;1dfb3b79560eaefd9cba4bbe1845a517;anonymous;ReceivingData;0.7018;32;NULL;NULL;NULL;NULL;NULL;NULL;NULL;NULL;NULL;NULL;NULL;NULL;NULL;NULL;NULL;NULL;NULL;NULL;NULL;NULL
Rest;2021-01-26 09:13:45.0197;6570;1dfb3b79560eaefd9cba4bbe1845a517;anonymous;ReceivingData;0.6867;32;NULL;NULL;NULL;NULL;NULL;NULL;NULL;NULL;NULL;NULL;NULL;NULL;NULL;NULL;NULL;NULL;NULL;NULL;NULL;NULL
MotorImagery;2021-01-26 09:13:49.1370;6851;1dfb3b79560eaefd9cba4bbe1845a517;anonymous;ReceivingData;0.7561;33;NULL;NULL;NULL;NULL;NULL;NULL;NULL;NULL;NULL;NULL;NULL;NULL;NULL;NULL;NULL;NULL;NULL;NULL;NULL;NULL
Rest;2021-01-26 09:13:49.7514;6893;1dfb3b79560eaefd9cba4bbe1845a517;anonymous;ReceivingData;0.6656;33;NULL;NULL;NULL;NULL;NULL;NULL;NULL;NULL;NULL;NULL;NULL;NULL;NULL;NULL;NULL;NULL;NULL;NULL;NULL;NULL
MotorImagery;2021-01-26 09:13:52.5750;7099;1dfb3b79560eaefd9cba4bbe1845a517;anonymous;ReceivingData;0.7111;34;NULL;NULL;NULL;NULL;NULL;NULL;NULL;NULL;NULL;NULL;NULL;NULL;NULL;NULL;NULL;NULL;NULL;NULL;NULL;NULL
Rest;2021-01-26 09:13:52.8184;7117;1dfb3b79560eaefd9cba4bbe1845a517;anonymous;ReceivingData;0.6620;34;NULL;NULL;NULL;NULL;NULL;NULL;NULL;NULL;NULL;NULL;NULL;NULL;NULL;NULL;NULL;NULL;NULL;NULL;NULL;NULL
MotorImagery;2021-01-26 09:13:54.0892;7205;1dfb3b79560eaefd9cba4bbe1845a517;anonymous;ReceivingData;0.7142;35;NULL;NULL;NULL;NULL;NULL;NULL;NULL;NULL;NULL;NULL;NULL;NULL;NULL;NULL;NULL;NULL;NULL;NULL;NULL;NULL
Rest;2021-01-26 09:13:54.2568;7218;1dfb3b79560eaefd9cba4bbe1845a517;anonymous;ReceivingData;0.6982;35;NULL;NULL;NULL;NULL;NULL;NULL;NULL;NULL;NULL;NULL;NULL;NULL;NULL;NULL;NULL;NULL;NULL;NULL;NULL;NULL
MotorImagery;2021-01-26 09:13:54.3755;7226;1dfb3b79560eaefd9cba4bbe1845a517;anonymous;ReceivingData;0.7038;36;NULL;NULL;NULL;NULL;NULL;NULL;NULL;NULL;NULL;NULL;NULL;NULL;NULL;NULL;NULL;NULL;NULL;NULL;NULL;NULL
InputWindowChange;2021-01-26 09:13:54.6567;7246;1dfb3b79560eaefd9cba4bbe1845a517;anonymous;NULL;NULL;NULL;Open;7;-11.4367;0.0000;Running;2.6079;8;0.1500;0;0.0000;5;0.2000;0;0.0000;0;0.0000;0;0.0000;NA;NULL
Rest;2021-01-26 09:13:56.0416;7339;1dfb3b79560eaefd9cba4bbe1845a517;anonymous;ReceivingData;0.6855;36;NULL;NULL;NULL;NULL;NULL;NULL;NULL;NULL;NULL;NULL;NULL;NULL;NULL;NULL;NULL;NULL;NULL;NULL;NULL;NULL
MotorImagery;2021-01-26 09:13:58.5745;7514;1dfb3b79560eaefd9cba4bbe1845a517;anonymous;ReceivingData;0.7591;37;NULL;NULL;NULL;NULL;NULL;NULL;NULL;NULL;NULL;NULL;NULL;NULL;NULL;NULL;NULL;NULL;NULL;NULL;NULL;NULL
InputWindowChange;2021-01-26 09:13:58.5755;7514;1dfb3b79560eaefd9cba4bbe1845a517;anonymous;NULL;NULL;NULL;Closed;7;-11.5049;0.0000;Running;2.6079;8;0.1500;0;0.0000;5;0.2000;0;0.0000;0;0.0000;0;0.0000;NA;NULL
GameDecision;2021-01-26 09:13:58.5785;7514;1dfb3b79560eaefd9cba4bbe1845a517;anonymous;NULL;NULL;NULL;Closed;7;-11.5049;0.0000;Running;2.6079;7;0.2000;0;0.0000;5;0.2000;0;0.0000;0;0.0000;0;0.0000;AccInput;AccInput
Rest;2021-01-26 09:13:58.7211;7523;1dfb3b79560eaefd9cba4bbe1845a517;anonymous;ReceivingData;0.6960;37;NULL;NULL;NULL;NULL;NULL;NULL;NULL;NULL;NULL;NULL;NULL;NULL;NULL;NULL;NULL;NULL;NULL;NULL;NULL;NULL
MotorImagery;2021-01-26 09:13:58.9834;7541;1dfb3b79560eaefd9cba4bbe1845a517;anonymous;ReceivingData;0.7117;38;NULL;NULL;NULL;NULL;NULL;NULL;NULL;NULL;NULL;NULL;NULL;NULL;NULL;NULL;NULL;NULL;NULL;NULL;NULL;NULL
Rest;2021-01-26 09:13:59.0063;7542;1dfb3b79560eaefd9cba4bbe1845a517;anonymous;ReceivingData;0.6408;38;NULL;NULL;NULL;NULL;NULL;NULL;NULL;NULL;NULL;NULL;NULL;NULL;NULL;NULL;NULL;NULL;NULL;NULL;NULL;NULL
MotorImagery;2021-01-26 09:14:06.6167;8087;1dfb3b79560eaefd9cba4bbe1845a517;anonymous;ReceivingData;0.7382;39;NULL;NULL;NULL;NULL;NULL;NULL;NULL;NULL;NULL;NULL;NULL;NULL;NULL;NULL;NULL;NULL;NULL;NULL;NULL;NULL
Rest;2021-01-26 09:14:07.4063;8145;1dfb3b79560eaefd9cba4bbe1845a517;anonymous;ReceivingData;0.6697;39;NULL;NULL;NULL;NULL;NULL;NULL;NULL;NULL;NULL;NULL;NULL;NULL;NULL;NULL;NULL;NULL;NULL;NULL;NULL;NULL
InputWindowChange;2021-01-26 09:14:07.6446;8161;1dfb3b79560eaefd9cba4bbe1845a517;anonymous;NULL;NULL;NULL;Open;8;-11.5049;0.0000;Running;1.3475;7;0.2000;0;0.0000;5;0.2000;0;0.0000;0;0.0000;0;0.0000;NA;NULL
MotorImagery;2021-01-26 09:14:08.9187;8260;1dfb3b79560eaefd9cba4bbe1845a517;anonymous;ReceivingData;0.7209;40;NULL;NULL;NULL;NULL;NULL;NULL;NULL;NULL;NULL;NULL;NULL;NULL;NULL;NULL;NULL;NULL;NULL;NULL;NULL;NULL
InputWindowChange;2021-01-26 09:14:08.9187;8260;1dfb3b79560eaefd9cba4bbe1845a517;anonymous;NULL;NULL;NULL;Closed;8;-14.2115;0.0000;Running;1.3475;7;0.2000;0;0.0000;5;0.2000;0;0.0000;0;0.0000;0;0.0000;NA;NULL
GameDecision;2021-01-26 09:14:08.9197;8260;1dfb3b79560eaefd9cba4bbe1845a517;anonymous;NULL;NULL;NULL;Closed;8;-14.2115;0.0000;Running;1.3475;6;0.2500;0;0.0000;5;0.2000;0;0.0000;0;0.0000;0;0.0000;AccInput;AccInput
Rest;2021-01-26 09:14:10.0740;8344;1dfb3b79560eaefd9cba4bbe1845a517;anonymous;ReceivingData;0.6990;40;NULL;NULL;NULL;NULL;NULL;NULL;NULL;NULL;NULL;NULL;NULL;NULL;NULL;NULL;NULL;NULL;NULL;NULL;NULL;NULL
MotorImagery;2021-01-26 09:14:18.1130;8911;1dfb3b79560eaefd9cba4bbe1845a517;anonymous;ReceivingData;0.7056;41;NULL;NULL;NULL;NULL;NULL;NULL;NULL;NULL;NULL;NULL;NULL;NULL;NULL;NULL;NULL;NULL;NULL;NULL;NULL;NULL
InputWindowChange;2021-01-26 09:14:19.3133;8995;1dfb3b79560eaefd9cba4bbe1845a517;anonymous;NULL;NULL;NULL;Open;9;-14.2115;0.0000;Running;1.1789;6;0.2500;0;0.0000;5;0.2000;0;0.0000;0;0.0000;0;0.0000;NA;NULL
Rest;2021-01-26 09:14:19.4220;9003;1dfb3b79560eaefd9cba4bbe1845a517;anonymous;ReceivingData;0.6949;41;NULL;NULL;NULL;NULL;NULL;NULL;NULL;NULL;NULL;NULL;NULL;NULL;NULL;NULL;NULL;NULL;NULL;NULL;NULL;NULL
MotorImagery;2021-01-26 09:14:19.6853;9022;1dfb3b79560eaefd9cba4bbe1845a517;anonymous;ReceivingData;0.7457;42;NULL;NULL;NULL;NULL;NULL;NULL;NULL;NULL;NULL;NULL;NULL;NULL;NULL;NULL;NULL;NULL;NULL;NULL;NULL;NULL
Rest;2021-01-26 09:14:21.4276;9145;1dfb3b79560eaefd9cba4bbe1845a517;anonymous;ReceivingData;0.6904;42;NULL;NULL;NULL;NULL;NULL;NULL;NULL;NULL;NULL;NULL;NULL;NULL;NULL;NULL;NULL;NULL;NULL;NULL;NULL;NULL
MotorImagery;2021-01-26 09:14:21.7158;9165;1dfb3b79560eaefd9cba4bbe1845a517;anonymous;ReceivingData;0.7221;43;NULL;NULL;NULL;NULL;NULL;NULL;NULL;NULL;NULL;NULL;NULL;NULL;NULL;NULL;NULL;NULL;NULL;NULL;NULL;NULL
Rest;2021-01-26 09:14:21.8216;9172;1dfb3b79560eaefd9cba4bbe1845a517;anonymous;ReceivingData;0.6875;43;NULL;NULL;NULL;NULL;NULL;NULL;NULL;NULL;NULL;NULL;NULL;NULL;NULL;NULL;NULL;NULL;NULL;NULL;NULL;NULL
MotorImagery;2021-01-26 09:14:22.2197;9202;1dfb3b79560eaefd9cba4bbe1845a517;anonymous;ReceivingData;0.7121;44;NULL;NULL;NULL;NULL;NULL;NULL;NULL;NULL;NULL;NULL;NULL;NULL;NULL;NULL;NULL;NULL;NULL;NULL;NULL;NULL
InputWindowChange;2021-01-26 09:14:23.3123;9280;1dfb3b79560eaefd9cba4bbe1845a517;anonymous;NULL;NULL;NULL;Closed;9;-14.2060;0.0000;Running;1.1789;6;0.2500;0;0.0000;5;0.2000;0;0.0000;0;0.0000;0;0.0000;NA;NULL
GameDecision;2021-01-26 09:14:23.3143;9280;1dfb3b79560eaefd9cba4bbe1845a517;anonymous;NULL;NULL;NULL;Closed;9;-14.2060;0.0000;Running;1.1789;6;0.2500;0;0.0000;4;0.2500;0;0.0000;0;0.0000;0;0.0000;RejInput;RejInput
Rest;2021-01-26 09:14:24.2460;9347;1dfb3b79560eaefd9cba4bbe1845a517;anonymous;ReceivingData;0.6854;44;NULL;NULL;NULL;NULL;NULL;NULL;NULL;NULL;NULL;NULL;NULL;NULL;NULL;NULL;NULL;NULL;NULL;NULL;NULL;NULL
MotorImagery;2021-01-26 09:14:31.3133;9857;1dfb3b79560eaefd9cba4bbe1845a517;anonymous;ReceivingData;0.7878;45;NULL;NULL;NULL;NULL;NULL;NULL;NULL;NULL;NULL;NULL;NULL;NULL;NULL;NULL;NULL;NULL;NULL;NULL;NULL;NULL
Rest;2021-01-26 09:14:31.5442;9874;1dfb3b79560eaefd9cba4bbe1845a517;anonymous;ReceivingData;0.6403;45;NULL;NULL;NULL;NULL;NULL;NULL;NULL;NULL;NULL;NULL;NULL;NULL;NULL;NULL;NULL;NULL;NULL;NULL;NULL;NULL
MotorImagery;2021-01-26 09:14:32.0668;9909;1dfb3b79560eaefd9cba4bbe1845a517;anonymous;ReceivingData;0.7134;46;NULL;NULL;NULL;NULL;NULL;NULL;NULL;NULL;NULL;NULL;NULL;NULL;NULL;NULL;NULL;NULL;NULL;NULL;NULL;NULL
Rest;2021-01-26 09:14:32.0728;9910;1dfb3b79560eaefd9cba4bbe1845a517;anonymous;ReceivingData;0.6958;46;NULL;NULL;NULL;NULL;NULL;NULL;NULL;NULL;NULL;NULL;NULL;NULL;NULL;NULL;NULL;NULL;NULL;NULL;NULL;NULL
MotorImagery;2021-01-26 09:14:32.1696;9917;1dfb3b79560eaefd9cba4bbe1845a517;anonymous;ReceivingData;0.7023;47;NULL;NULL;NULL;NULL;NULL;NULL;NULL;NULL;NULL;NULL;NULL;NULL;NULL;NULL;NULL;NULL;NULL;NULL;NULL;NULL
Rest;2021-01-26 09:14:32.1805;9918;1dfb3b79560eaefd9cba4bbe1845a517;anonymous;ReceivingData;0.6863;47;NULL;NULL;NULL;NULL;NULL;NULL;NULL;NULL;NULL;NULL;NULL;NULL;NULL;NULL;NULL;NULL;NULL;NULL;NULL;NULL
MotorImagery;2021-01-26 09:14:32.5561;9945;1dfb3b79560eaefd9cba4bbe1845a517;anonymous;ReceivingData;0.7011;48;NULL;NULL;NULL;NULL;NULL;NULL;NULL;NULL;NULL;NULL;NULL;NULL;NULL;NULL;NULL;NULL;NULL;NULL;NULL;NULL
Rest;2021-01-26 09:14:32.7020;9955;1dfb3b79560eaefd9cba4bbe1845a517;anonymous;ReceivingData;0.6627;48;NULL;NULL;NULL;NULL;NULL;NULL;NULL;NULL;NULL;NULL;NULL;NULL;NULL;NULL;NULL;NULL;NULL;NULL;NULL;NULL
MotorImagery;2021-01-26 09:14:32.8228;9964;1dfb3b79560eaefd9cba4bbe1845a517;anonymous;ReceivingData;0.7057;49;NULL;NULL;NULL;NULL;NULL;NULL;NULL;NULL;NULL;NULL;NULL;NULL;NULL;NULL;NULL;NULL;NULL;NULL;NULL;NULL
Rest;2021-01-26 09:14:32.9324;9971;1dfb3b79560eaefd9cba4bbe1845a517;anonymous;ReceivingData;0.6308;49;NULL;NULL;NULL;NULL;NULL;NULL;NULL;NULL;NULL;NULL;NULL;NULL;NULL;NULL;NULL;NULL;NULL;NULL;NULL;NULL
InputWindowChange;2021-01-26 09:14:33.6626;10025;1dfb3b79560eaefd9cba4bbe1845a517;anonymous;NULL;NULL;NULL;Open;10;-14.2060;0.0000;Running;1.1016;6;0.2500;0;0.0000;4;0.2500;0;0.0000;0;0.0000;0;0.0000;NA;NULL
MotorImagery;2021-01-26 09:14:33.8521;10039;1dfb3b79560eaefd9cba4bbe1845a517;anonymous;ReceivingData;0.7378;50;NULL;NULL;NULL;NULL;NULL;NULL;NULL;NULL;NULL;NULL;NULL;NULL;NULL;NULL;NULL;NULL;NULL;NULL;NULL;NULL
InputWindowChange;2021-01-26 09:14:33.8531;10039;1dfb3b79560eaefd9cba4bbe1845a517;anonymous;NULL;NULL;NULL;Closed;10;-18.0002;0.0000;Running;1.1016;6;0.2500;0;0.0000;4;0.2500;0;0.0000;0;0.0000;0;0.0000;NA;NULL
GameDecision;2021-01-26 09:14:33.8614;10039;1dfb3b79560eaefd9cba4bbe1845a517;anonymous;NULL;NULL;NULL;Closed;10;-18.0002;0.0000;Running;1.1016;5;0.3000;0;0.0000;4;0.2500;0;0.0000;0;0.0000;0;0.0000;AccInput;AccInput
Rest;2021-01-26 09:14:34.4794;10080;1dfb3b79560eaefd9cba4bbe1845a517;anonymous;ReceivingData;0.6659;50;NULL;NULL;NULL;NULL;NULL;NULL;NULL;NULL;NULL;NULL;NULL;NULL;NULL;NULL;NULL;NULL;NULL;NULL;NULL;NULL
MotorImagery;2021-01-26 09:14:39.3267;10417;1dfb3b79560eaefd9cba4bbe1845a517;anonymous;ReceivingData;0.7288;51;NULL;NULL;NULL;NULL;NULL;NULL;NULL;NULL;NULL;NULL;NULL;NULL;NULL;NULL;NULL;NULL;NULL;NULL;NULL;NULL
Rest;2021-01-26 09:14:39.9550;10461;1dfb3b79560eaefd9cba4bbe1845a517;anonymous;ReceivingData;0.6896;51;NULL;NULL;NULL;NULL;NULL;NULL;NULL;NULL;NULL;NULL;NULL;NULL;NULL;NULL;NULL;NULL;NULL;NULL;NULL;NULL
MotorImagery;2021-01-26 09:14:40.0916;10469;1dfb3b79560eaefd9cba4bbe1845a517;anonymous;ReceivingData;0.7450;52;NULL;NULL;NULL;NULL;NULL;NULL;NULL;NULL;NULL;NULL;NULL;NULL;NULL;NULL;NULL;NULL;NULL;NULL;NULL;NULL
Rest;2021-01-26 09:14:42.7943;10665;1dfb3b79560eaefd9cba4bbe1845a517;anonymous;ReceivingData;0.5950;52;NULL;NULL;NULL;NULL;NULL;NULL;NULL;NULL;NULL;NULL;NULL;NULL;NULL;NULL;NULL;NULL;NULL;NULL;NULL;NULL
MotorImagery;2021-01-26 09:14:44.7228;10801;1dfb3b79560eaefd9cba4bbe1845a517;anonymous;ReceivingData;0.7358;53;NULL;NULL;NULL;NULL;NULL;NULL;NULL;NULL;NULL;NULL;NULL;NULL;NULL;NULL;NULL;NULL;NULL;NULL;NULL;NULL
InputWindowChange;2021-01-26 09:14:44.8115;10807;1dfb3b79560eaefd9cba4bbe1845a517;anonymous;NULL;NULL;NULL;Open;11;-18.0002;0.0000;Running;2.9270;5;0.3000;0;0.0000;4;0.2500;0;0.0000;0;0.0000;0;0.0000;NA;NULL
Rest;2021-01-26 09:14:46.7305;10941;1dfb3b79560eaefd9cba4bbe1845a517;anonymous;ReceivingData;0.6996;53;NULL;NULL;NULL;NULL;NULL;NULL;NULL;NULL;NULL;NULL;NULL;NULL;NULL;NULL;NULL;NULL;NULL;NULL;NULL;NULL
MotorImagery;2021-01-26 09:14:47.8766;11021;1dfb3b79560eaefd9cba4bbe1845a517;anonymous;ReceivingData;0.7724;54;NULL;NULL;NULL;NULL;NULL;NULL;NULL;NULL;NULL;NULL;NULL;NULL;NULL;NULL;NULL;NULL;NULL;NULL;NULL;NULL
InputWindowChange;2021-01-26 09:14:48.8111;11087;1dfb3b79560eaefd9cba4bbe1845a517;anonymous;NULL;NULL;NULL;Closed;11;-17.9803;0.0000;Running;2.9270;5;0.3000;0;0.0000;4;0.2500;0;0.0000;0;0.0000;0;0.0000;NA;NULL
GameDecision;2021-01-26 09:14:48.8111;11087;1dfb3b79560eaefd9cba4bbe1845a517;anonymous;NULL;NULL;NULL;Closed;11;-17.9803;0.0000;Running;2.9270;5;0.3000;0;0.0000;3;0.3000;0;0.0000;0;0.0000;0;0.0000;RejInput;RejInput
Rest;2021-01-26 09:14:49.5592;11141;1dfb3b79560eaefd9cba4bbe1845a517;anonymous;ReceivingData;0.6989;54;NULL;NULL;NULL;NULL;NULL;NULL;NULL;NULL;NULL;NULL;NULL;NULL;NULL;NULL;NULL;NULL;NULL;NULL;NULL;NULL
MotorImagery;2021-01-26 09:14:49.8042;11158;1dfb3b79560eaefd9cba4bbe1845a517;anonymous;ReceivingData;0.7194;55;NULL;NULL;NULL;NULL;NULL;NULL;NULL;NULL;NULL;NULL;NULL;NULL;NULL;NULL;NULL;NULL;NULL;NULL;NULL;NULL
Rest;2021-01-26 09:14:49.9199;11165;1dfb3b79560eaefd9cba4bbe1845a517;anonymous;ReceivingData;0.6565;55;NULL;NULL;NULL;NULL;NULL;NULL;NULL;NULL;NULL;NULL;NULL;NULL;NULL;NULL;NULL;NULL;NULL;NULL;NULL;NULL
MotorImagery;2021-01-26 09:14:58.7723;11796;1dfb3b79560eaefd9cba4bbe1845a517;anonymous;ReceivingData;0.7087;56;NULL;NULL;NULL;NULL;NULL;NULL;NULL;NULL;NULL;NULL;NULL;NULL;NULL;NULL;NULL;NULL;NULL;NULL;NULL;NULL
InputWindowChange;2021-01-26 09:14:59.6451;11860;1dfb3b79560eaefd9cba4bbe1845a517;anonymous;NULL;NULL;NULL;Open;12;-17.9803;0.0000;Running;1.2063;5;0.3000;0;0.0000;3;0.3000;0;0.0000;0;0.0000;0;0.0000;NA;NULL
Rest;2021-01-26 09:15:00.6521;11934;1dfb3b79560eaefd9cba4bbe1845a517;anonymous;ReceivingData;0.6867;56;NULL;NULL;NULL;NULL;NULL;NULL;NULL;NULL;NULL;NULL;NULL;NULL;NULL;NULL;NULL;NULL;NULL;NULL;NULL;NULL
MotorImagery;2021-01-26 09:15:00.8147;11944;1dfb3b79560eaefd9cba4bbe1845a517;anonymous;ReceivingData;0.7053;57;NULL;NULL;NULL;NULL;NULL;NULL;NULL;NULL;NULL;NULL;NULL;NULL;NULL;NULL;NULL;NULL;NULL;NULL;NULL;NULL
Rest;2021-01-26 09:15:01.0470;11962;1dfb3b79560eaefd9cba4bbe1845a517;anonymous;ReceivingData;0.6610;57;NULL;NULL;NULL;NULL;NULL;NULL;NULL;NULL;NULL;NULL;NULL;NULL;NULL;NULL;NULL;NULL;NULL;NULL;NULL;NULL
MotorImagery;2021-01-26 09:15:02.5987;12078;1dfb3b79560eaefd9cba4bbe1845a517;anonymous;ReceivingData;0.7050;58;NULL;NULL;NULL;NULL;NULL;NULL;NULL;NULL;NULL;NULL;NULL;NULL;NULL;NULL;NULL;NULL;NULL;NULL;NULL;NULL
InputWindowChange;2021-01-26 09:15:03.6424;12154;1dfb3b79560eaefd9cba4bbe1845a517;anonymous;NULL;NULL;NULL;Closed;12;-17.9639;0.0000;Running;1.2063;5;0.3000;0;0.0000;3;0.3000;0;0.0000;0;0.0000;0;0.0000;NA;NULL
GameDecision;2021-01-26 09:15:03.6424;12154;1dfb3b79560eaefd9cba4bbe1845a517;anonymous;NULL;NULL;NULL;Closed;12;-17.9639;0.0000;Running;1.2063;5;0.3000;0;0.0000;2;0.3500;0;0.0000;0;0.0000;0;0.0000;RejInput;RejInput
Rest;2021-01-26 09:15:05.1284;12264;1dfb3b79560eaefd9cba4bbe1845a517;anonymous;ReceivingData;0.6550;58;NULL;NULL;NULL;NULL;NULL;NULL;NULL;NULL;NULL;NULL;NULL;NULL;NULL;NULL;NULL;NULL;NULL;NULL;NULL;NULL
MotorImagery;2021-01-26 09:15:10.7730;12663;1dfb3b79560eaefd9cba4bbe1845a517;anonymous;ReceivingData;0.7048;59;NULL;NULL;NULL;NULL;NULL;NULL;NULL;NULL;NULL;NULL;NULL;NULL;NULL;NULL;NULL;NULL;NULL;NULL;NULL;NULL
Rest;2021-01-26 09:15:10.8977;12671;1dfb3b79560eaefd9cba4bbe1845a517;anonymous;ReceivingData;0.6946;59;NULL;NULL;NULL;NULL;NULL;NULL;NULL;NULL;NULL;NULL;NULL;NULL;NULL;NULL;NULL;NULL;NULL;NULL;NULL;NULL
MotorImagery;2021-01-26 09:15:10.9166;12672;1dfb3b79560eaefd9cba4bbe1845a517;anonymous;ReceivingData;0.7105;60;NULL;NULL;NULL;NULL;NULL;NULL;NULL;NULL;NULL;NULL;NULL;NULL;NULL;NULL;NULL;NULL;NULL;NULL;NULL;NULL
Rest;2021-01-26 09:15:11.0044;12678;1dfb3b79560eaefd9cba4bbe1845a517;anonymous;ReceivingData;0.6909;60;NULL;NULL;NULL;NULL;NULL;NULL;NULL;NULL;NULL;NULL;NULL;NULL;NULL;NULL;NULL;NULL;NULL;NULL;NULL;NULL
MotorImagery;2021-01-26 09:15:11.4076;12709;1dfb3b79560eaefd9cba4bbe1845a517;anonymous;ReceivingData;0.7112;61;NULL;NULL;NULL;NULL;NULL;NULL;NULL;NULL;NULL;NULL;NULL;NULL;NULL;NULL;NULL;NULL;NULL;NULL;NULL;NULL
Rest;2021-01-26 09:15:11.4195;12710;1dfb3b79560eaefd9cba4bbe1845a517;anonymous;ReceivingData;0.6954;61;NULL;NULL;NULL;NULL;NULL;NULL;NULL;NULL;NULL;NULL;NULL;NULL;NULL;NULL;NULL;NULL;NULL;NULL;NULL;NULL
MotorImagery;2021-01-26 09:15:13.2227;12836;1dfb3b79560eaefd9cba4bbe1845a517;anonymous;ReceivingData;0.7092;62;NULL;NULL;NULL;NULL;NULL;NULL;NULL;NULL;NULL;NULL;NULL;NULL;NULL;NULL;NULL;NULL;NULL;NULL;NULL;NULL
InputWindowChange;2021-01-26 09:15:13.9708;12888;1dfb3b79560eaefd9cba4bbe1845a517;anonymous;NULL;NULL;NULL;Open;13;-17.9639;0.0000;Running;2.5567;5;0.3000;0;0.0000;2;0.3500;0;0.0000;0;0.0000;0;0.0000;NA;NULL
Rest;2021-01-26 09:15:14.6181;12935;1dfb3b79560eaefd9cba4bbe1845a517;anonymous;ReceivingData;0.6890;62;NULL;NULL;NULL;NULL;NULL;NULL;NULL;NULL;NULL;NULL;NULL;NULL;NULL;NULL;NULL;NULL;NULL;NULL;NULL;NULL
MotorImagery;2021-01-26 09:15:14.7497;12943;1dfb3b79560eaefd9cba4bbe1845a517;anonymous;ReceivingData;0.7032;63;NULL;NULL;NULL;NULL;NULL;NULL;NULL;NULL;NULL;NULL;NULL;NULL;NULL;NULL;NULL;NULL;NULL;NULL;NULL;NULL
Rest;2021-01-26 09:15:17.4187;13135;1dfb3b79560eaefd9cba4bbe1845a517;anonymous;ReceivingData;0.6894;63;NULL;NULL;NULL;NULL;NULL;NULL;NULL;NULL;NULL;NULL;NULL;NULL;NULL;NULL;NULL;NULL;NULL;NULL;NULL;NULL
InputWindowChange;2021-01-26 09:15:17.9530;13175;1dfb3b79560eaefd9cba4bbe1845a517;anonymous;NULL;NULL;NULL;Closed;13;-17.9617;0.0000;Running;2.5567;5;0.3000;0;0.0000;2;0.3500;0;0.0000;0;0.0000;0;0.0000;NA;NULL
GameDecision;2021-01-26 09:15:17.9530;13175;1dfb3b79560eaefd9cba4bbe1845a517;anonymous;NULL;NULL;NULL;Closed;13;-17.9617;0.0000;Running;2.5567;5;0.3000;0;0.0000;1;0.4000;0;0.0000;0;0.0000;0;0.0000;RejInput;RejInput
MotorImagery;2021-01-26 09:15:23.9472;13612;1dfb3b79560eaefd9cba4bbe1845a517;anonymous;ReceivingData;0.7109;64;NULL;NULL;NULL;NULL;NULL;NULL;NULL;NULL;NULL;NULL;NULL;NULL;NULL;NULL;NULL;NULL;NULL;NULL;NULL;NULL
Rest;2021-01-26 09:15:24.7122;13664;1dfb3b79560eaefd9cba4bbe1845a517;anonymous;ReceivingData;0.6924;64;NULL;NULL;NULL;NULL;NULL;NULL;NULL;NULL;NULL;NULL;NULL;NULL;NULL;NULL;NULL;NULL;NULL;NULL;NULL;NULL
MotorImagery;2021-01-26 09:15:25.7031;13731;1dfb3b79560eaefd9cba4bbe1845a517;anonymous;ReceivingData;0.7492;65;NULL;NULL;NULL;NULL;NULL;NULL;NULL;NULL;NULL;NULL;NULL;NULL;NULL;NULL;NULL;NULL;NULL;NULL;NULL;NULL
InputWindowChange;2021-01-26 09:15:28.7809;13942;1dfb3b79560eaefd9cba4bbe1845a517;anonymous;NULL;NULL;NULL;Open;14;-17.9617;0.0000;Running;2.7543;5;0.3000;0;0.0000;1;0.4000;0;0.0000;0;0.0000;0;0.0000;NA;NULL
Rest;2021-01-26 09:15:30.6026;14070;1dfb3b79560eaefd9cba4bbe1845a517;anonymous;ReceivingData;0.6085;65;NULL;NULL;NULL;NULL;NULL;NULL;NULL;NULL;NULL;NULL;NULL;NULL;NULL;NULL;NULL;NULL;NULL;NULL;NULL;NULL
MotorImagery;2021-01-26 09:15:31.0689;14103;1dfb3b79560eaefd9cba4bbe1845a517;anonymous;ReceivingData;0.7042;66;NULL;NULL;NULL;NULL;NULL;NULL;NULL;NULL;NULL;NULL;NULL;NULL;NULL;NULL;NULL;NULL;NULL;NULL;NULL;NULL
Rest;2021-01-26 09:15:31.2235;14114;1dfb3b79560eaefd9cba4bbe1845a517;anonymous;ReceivingData;0.6930;66;NULL;NULL;NULL;NULL;NULL;NULL;NULL;NULL;NULL;NULL;NULL;NULL;NULL;NULL;NULL;NULL;NULL;NULL;NULL;NULL
MotorImagery;2021-01-26 09:15:31.3192;14121;1dfb3b79560eaefd9cba4bbe1845a517;anonymous;ReceivingData;0.7198;67;NULL;NULL;NULL;NULL;NULL;NULL;NULL;NULL;NULL;NULL;NULL;NULL;NULL;NULL;NULL;NULL;NULL;NULL;NULL;NULL
InputWindowChange;2021-01-26 09:15:32.7694;14222;1dfb3b79560eaefd9cba4bbe1845a517;anonymous;NULL;NULL;NULL;Closed;14;-17.9468;0.0000;Running;2.7543;5;0.3000;0;0.0000;1;0.4000;0;0.0000;0;0.0000;0;0.0000;NA;NULL
GameDecision;2021-01-26 09:15:32.7734;14222;1dfb3b79560eaefd9cba4bbe1845a517;anonymous;NULL;NULL;NULL;Closed;14;-17.9468;0.0000;Running;2.7543;5;0.3000;0;0.0000;0;0.4500;0;0.0000;0;0.0000;0;0.0000;RejInput;RejInput
Rest;2021-01-26 09:15:33.3807;14266;1dfb3b79560eaefd9cba4bbe1845a517;anonymous;ReceivingData;0.6789;67;NULL;NULL;NULL;NULL;NULL;NULL;NULL;NULL;NULL;NULL;NULL;NULL;NULL;NULL;NULL;NULL;NULL;NULL;NULL;NULL
MotorImagery;2021-01-26 09:15:33.3837;14267;1dfb3b79560eaefd9cba4bbe1845a517;anonymous;ReceivingData;0.7070;68;NULL;NULL;NULL;NULL;NULL;NULL;NULL;NULL;NULL;NULL;NULL;NULL;NULL;NULL;NULL;NULL;NULL;NULL;NULL;NULL
Rest;2021-01-26 09:15:33.4845;14276;1dfb3b79560eaefd9cba4bbe1845a517;anonymous;ReceivingData;0.6623;68;NULL;NULL;NULL;NULL;NULL;NULL;NULL;NULL;NULL;NULL;NULL;NULL;NULL;NULL;NULL;NULL;NULL;NULL;NULL;NULL
MotorImagery;2021-01-26 09:15:34.7913;14370;1dfb3b79560eaefd9cba4bbe1845a517;anonymous;ReceivingData;0.7147;69;NULL;NULL;NULL;NULL;NULL;NULL;NULL;NULL;NULL;NULL;NULL;NULL;NULL;NULL;NULL;NULL;NULL;NULL;NULL;NULL
Rest;2021-01-26 09:15:35.4778;14419;1dfb3b79560eaefd9cba4bbe1845a517;anonymous;ReceivingData;0.6267;69;NULL;NULL;NULL;NULL;NULL;NULL;NULL;NULL;NULL;NULL;NULL;NULL;NULL;NULL;NULL;NULL;NULL;NULL;NULL;NULL
MotorImagery;2021-01-26 09:15:38.6362;14642;1dfb3b79560eaefd9cba4bbe1845a517;anonymous;ReceivingData;0.7620;70;NULL;NULL;NULL;NULL;NULL;NULL;NULL;NULL;NULL;NULL;NULL;NULL;NULL;NULL;NULL;NULL;NULL;NULL;NULL;NULL
Rest;2021-01-26 09:15:38.8975;14660;1dfb3b79560eaefd9cba4bbe1845a517;anonymous;ReceivingData;0.6567;70;NULL;NULL;NULL;NULL;NULL;NULL;NULL;NULL;NULL;NULL;NULL;NULL;NULL;NULL;NULL;NULL;NULL;NULL;NULL;NULL
MotorImagery;2021-01-26 09:15:40.0282;14740;1dfb3b79560eaefd9cba4bbe1845a517;anonymous;ReceivingData;0.7682;71;NULL;NULL;NULL;NULL;NULL;NULL;NULL;NULL;NULL;NULL;NULL;NULL;NULL;NULL;NULL;NULL;NULL;NULL;NULL;NULL
Rest;2021-01-26 09:15:41.3108;14834;1dfb3b79560eaefd9cba4bbe1845a517;anonymous;ReceivingData;0.6923;71;NULL;NULL;NULL;NULL;NULL;NULL;NULL;NULL;NULL;NULL;NULL;NULL;NULL;NULL;NULL;NULL;NULL;NULL;NULL;NULL
MotorImagery;2021-01-26 09:15:41.5551;14852;1dfb3b79560eaefd9cba4bbe1845a517;anonymous;ReceivingData;0.7426;72;NULL;NULL;NULL;NULL;NULL;NULL;NULL;NULL;NULL;NULL;NULL;NULL;NULL;NULL;NULL;NULL;NULL;NULL;NULL;NULL
InputWindowChange;2021-01-26 09:15:43.1663;14965;1dfb3b79560eaefd9cba4bbe1845a517;anonymous;NULL;NULL;NULL;Open;15;-17.9468;0.0000;Running;1.5245;5;0.3000;0;0.0000;0;0.4500;0;0.0000;0;0.0000;0;0.0000;NA;NULL
Rest;2021-01-26 09:15:44.3469;15051;1dfb3b79560eaefd9cba4bbe1845a517;anonymous;ReceivingData;0.6754;72;NULL;NULL;NULL;NULL;NULL;NULL;NULL;NULL;NULL;NULL;NULL;NULL;NULL;NULL;NULL;NULL;NULL;NULL;NULL;NULL
MotorImagery;2021-01-26 09:15:44.3777;15052;1dfb3b79560eaefd9cba4bbe1845a517;anonymous;ReceivingData;0.7093;73;NULL;NULL;NULL;NULL;NULL;NULL;NULL;NULL;NULL;NULL;NULL;NULL;NULL;NULL;NULL;NULL;NULL;NULL;NULL;NULL
Rest;2021-01-26 09:15:44.4910;15060;1dfb3b79560eaefd9cba4bbe1845a517;anonymous;ReceivingData;0.6931;73;NULL;NULL;NULL;NULL;NULL;NULL;NULL;NULL;NULL;NULL;NULL;NULL;NULL;NULL;NULL;NULL;NULL;NULL;NULL;NULL
MotorImagery;2021-01-26 09:15:44.5099;15061;1dfb3b79560eaefd9cba4bbe1845a517;anonymous;ReceivingData;0.7122;74;NULL;NULL;NULL;NULL;NULL;NULL;NULL;NULL;NULL;NULL;NULL;NULL;NULL;NULL;NULL;NULL;NULL;NULL;NULL;NULL
Rest;2021-01-26 09:15:44.6231;15068;1dfb3b79560eaefd9cba4bbe1845a517;anonymous;ReceivingData;0.6555;74;NULL;NULL;NULL;NULL;NULL;NULL;NULL;NULL;NULL;NULL;NULL;NULL;NULL;NULL;NULL;NULL;NULL;NULL;NULL;NULL
MotorImagery;2021-01-26 09:15:45.1228;15103;1dfb3b79560eaefd9cba4bbe1845a517;anonymous;ReceivingData;0.7300;75;NULL;NULL;NULL;NULL;NULL;NULL;NULL;NULL;NULL;NULL;NULL;NULL;NULL;NULL;NULL;NULL;NULL;NULL;NULL;NULL
Rest;2021-01-26 09:15:46.5247;15205;1dfb3b79560eaefd9cba4bbe1845a517;anonymous;ReceivingData;0.6879;75;NULL;NULL;NULL;NULL;NULL;NULL;NULL;NULL;NULL;NULL;NULL;NULL;NULL;NULL;NULL;NULL;NULL;NULL;NULL;NULL
MotorImagery;2021-01-26 09:15:46.8059;15228;1dfb3b79560eaefd9cba4bbe1845a517;anonymous;ReceivingData;0.7217;76;NULL;NULL;NULL;NULL;NULL;NULL;NULL;NULL;NULL;NULL;NULL;NULL;NULL;NULL;NULL;NULL;NULL;NULL;NULL;NULL
InputWindowChange;2021-01-26 09:15:47.1680;15253;1dfb3b79560eaefd9cba4bbe1845a517;anonymous;NULL;NULL;NULL;Closed;15;-17.9285;0.0000;Running;1.5245;5;0.3000;0;0.0000;0;0.4500;0;0.0000;0;0.0000;0;0.0000;NA;NULL
GameDecision;2021-01-26 09:15:47.1700;15253;1dfb3b79560eaefd9cba4bbe1845a517;anonymous;NULL;NULL;NULL;Closed;15;-17.9285;0.0000;Running;1.5245;5;0.3000;0;0.0000;0;0.5000;0;0.0000;0;0.0000;0;0.0000;RejInput;RejInput
Rest;2021-01-26 09:15:47.8357;15304;1dfb3b79560eaefd9cba4bbe1845a517;anonymous;ReceivingData;0.6962;76;NULL;NULL;NULL;NULL;NULL;NULL;NULL;NULL;NULL;NULL;NULL;NULL;NULL;NULL;NULL;NULL;NULL;NULL;NULL;NULL
MotorImagery;2021-01-26 09:15:53.9443;15745;1dfb3b79560eaefd9cba4bbe1845a517;anonymous;ReceivingData;0.7020;77;NULL;NULL;NULL;NULL;NULL;NULL;NULL;NULL;NULL;NULL;NULL;NULL;NULL;NULL;NULL;NULL;NULL;NULL;NULL;NULL
Rest;2021-01-26 09:15:54.0799;15755;1dfb3b79560eaefd9cba4bbe1845a517;anonymous;ReceivingData;0.6498;77;NULL;NULL;NULL;NULL;NULL;NULL;NULL;NULL;NULL;NULL;NULL;NULL;NULL;NULL;NULL;NULL;NULL;NULL;NULL;NULL
InputWindowChange;2021-01-26 09:15:57.5070;15989;1dfb3b79560eaefd9cba4bbe1845a517;anonymous;NULL;NULL;NULL;Open;16;-17.9285;0.0000;Running;2.9553;5;0.3000;0;0.0000;0;0.5000;0;0.0000;0;0.0000;0;0.0000;NA;NULL
MotorImagery;2021-01-26 09:15:58.1588;16037;1dfb3b79560eaefd9cba4bbe1845a517;anonymous;ReceivingData;0.7420;78;NULL;NULL;NULL;NULL;NULL;NULL;NULL;NULL;NULL;NULL;NULL;NULL;NULL;NULL;NULL;NULL;NULL;NULL;NULL;NULL
InputWindowChange;2021-01-26 09:15:58.1608;16037;1dfb3b79560eaefd9cba4bbe1845a517;anonymous;NULL;NULL;NULL;Closed;16;-21.2522;0.0000;Running;2.9553;5;0.3000;0;0.0000;0;0.5000;0;0.0000;0;0.0000;0;0.0000;NA;NULL
GameDecision;2021-01-26 09:15:58.1678;16037;1dfb3b79560eaefd9cba4bbe1845a517;anonymous;NULL;NULL;NULL;Closed;16;-21.2522;0.0000;Running;2.9553;4;0.3500;0;0.0000;0;0.5000;0;0.0000;0;0.0000;0;0.0000;AccInput;AccInput
Rest;2021-01-26 09:15:58.9445;16092;1dfb3b79560eaefd9cba4bbe1845a517;anonymous;ReceivingData;0.6641;78;NULL;NULL;NULL;NULL;NULL;NULL;NULL;NULL;NULL;NULL;NULL;NULL;NULL;NULL;NULL;NULL;NULL;NULL;NULL;NULL
MotorImagery;2021-01-26 09:16:04.9186;16515;1dfb3b79560eaefd9cba4bbe1845a517;anonymous;ReceivingData;0.7249;79;NULL;NULL;NULL;NULL;NULL;NULL;NULL;NULL;NULL;NULL;NULL;NULL;NULL;NULL;NULL;NULL;NULL;NULL;NULL;NULL
Rest;2021-01-26 09:16:05.3132;16542;1dfb3b79560eaefd9cba4bbe1845a517;anonymous;ReceivingData;0.6944;79;NULL;NULL;NULL;NULL;NULL;NULL;NULL;NULL;NULL;NULL;NULL;NULL;NULL;NULL;NULL;NULL;NULL;NULL;NULL;NULL
MotorImagery;2021-01-26 09:16:07.1090;16667;1dfb3b79560eaefd9cba4bbe1845a517;anonymous;ReceivingData;0.7093;80;NULL;NULL;NULL;NULL;NULL;NULL;NULL;NULL;NULL;NULL;NULL;NULL;NULL;NULL;NULL;NULL;NULL;NULL;NULL;NULL
Rest;2021-01-26 09:16:07.4890;16694;1dfb3b79560eaefd9cba4bbe1845a517;anonymous;ReceivingData;0.6984;80;NULL;NULL;NULL;NULL;NULL;NULL;NULL;NULL;NULL;NULL;NULL;NULL;NULL;NULL;NULL;NULL;NULL;NULL;NULL;NULL
MotorImagery;2021-01-26 09:16:07.5060;16695;1dfb3b79560eaefd9cba4bbe1845a517;anonymous;ReceivingData;0.7200;81;NULL;NULL;NULL;NULL;NULL;NULL;NULL;NULL;NULL;NULL;NULL;NULL;NULL;NULL;NULL;NULL;NULL;NULL;NULL;NULL
Rest;2021-01-26 09:16:07.6087;16702;1dfb3b79560eaefd9cba4bbe1845a517;anonymous;ReceivingData;0.6575;81;NULL;NULL;NULL;NULL;NULL;NULL;NULL;NULL;NULL;NULL;NULL;NULL;NULL;NULL;NULL;NULL;NULL;NULL;NULL;NULL
MotorImagery;2021-01-26 09:16:08.7491;16781;1dfb3b79560eaefd9cba4bbe1845a517;anonymous;ReceivingData;0.7149;82;NULL;NULL;NULL;NULL;NULL;NULL;NULL;NULL;NULL;NULL;NULL;NULL;NULL;NULL;NULL;NULL;NULL;NULL;NULL;NULL
InputWindowChange;2021-01-26 09:16:08.8559;16789;1dfb3b79560eaefd9cba4bbe1845a517;anonymous;NULL;NULL;NULL;Open;17;-21.2522;0.0000;Running;1.2019;4;0.3500;0;0.0000;0;0.5000;0;0.0000;0;0.0000;0;0.0000;NA;NULL
Rest;2021-01-26 09:16:08.9217;16795;1dfb3b79560eaefd9cba4bbe1845a517;anonymous;ReceivingData;0.6920;82;NULL;NULL;NULL;NULL;NULL;NULL;NULL;NULL;NULL;NULL;NULL;NULL;NULL;NULL;NULL;NULL;NULL;NULL;NULL;NULL
MotorImagery;2021-01-26 09:16:09.0234;16802;1dfb3b79560eaefd9cba4bbe1845a517;anonymous;ReceivingData;0.7010;83;NULL;NULL;NULL;NULL;NULL;NULL;NULL;NULL;NULL;NULL;NULL;NULL;NULL;NULL;NULL;NULL;NULL;NULL;NULL;NULL
InputWindowChange;2021-01-26 09:16:09.0234;16802;1dfb3b79560eaefd9cba4bbe1845a517;anonymous;NULL;NULL;NULL;Closed;17;-25.0718;0.0000;Running;1.2019;4;0.3500;0;0.0000;0;0.5000;0;0.0000;0;0.0000;0;0.0000;NA;NULL
GameDecision;2021-01-26 09:16:09.0244;16802;1dfb3b79560eaefd9cba4bbe1845a517;anonymous;NULL;NULL;NULL;Closed;17;-25.0718;0.0000;Running;1.2019;3;0.4000;0;0.0000;0;0.5000;0;0.0000;0;0.0000;0;0.0000;AccInput;AccInput
Rest;2021-01-26 09:16:09.1441;16811;1dfb3b79560eaefd9cba4bbe1845a517;anonymous;ReceivingData;0.6901;83;NULL;NULL;NULL;NULL;NULL;NULL;NULL;NULL;NULL;NULL;NULL;NULL;NULL;NULL;NULL;NULL;NULL;NULL;NULL;NULL
MotorImagery;2021-01-26 09:16:19.3556;17534;1dfb3b79560eaefd9cba4bbe1845a517;anonymous;ReceivingData;0.7021;84;NULL;NULL;NULL;NULL;NULL;NULL;NULL;NULL;NULL;NULL;NULL;NULL;NULL;NULL;NULL;NULL;NULL;NULL;NULL;NULL
Rest;2021-01-26 09:16:19.9209;17575;1dfb3b79560eaefd9cba4bbe1845a517;anonymous;ReceivingData;0.6796;84;NULL;NULL;NULL;NULL;NULL;NULL;NULL;NULL;NULL;NULL;NULL;NULL;NULL;NULL;NULL;NULL;NULL;NULL;NULL;NULL
InputWindowChange;2021-01-26 09:16:20.0565;17584;1dfb3b79560eaefd9cba4bbe1845a517;anonymous;NULL;NULL;NULL;Open;18;-25.0718;0.0000;Running;1.1980;3;0.4000;0;0.0000;0;0.5000;0;0.0000;0;0.0000;0;0.0000;NA;NULL
InputWindowChange;2021-01-26 09:16:24.0462;17867;1dfb3b79560eaefd9cba4bbe1845a517;anonymous;NULL;NULL;NULL;Closed;18;-25.0699;0.0000;Running;1.1980;3;0.4000;0;0.0000;0;0.5000;0;0.0000;0;0.0000;0;0.0000;NA;NULL
GameDecision;2021-01-26 09:16:24.0492;17867;1dfb3b79560eaefd9cba4bbe1845a517;anonymous;NULL;NULL;NULL;Closed;18;-25.0699;0.0000;Running;1.1980;3;0.4000;0;0.0000;0;0.5500;0;0.0000;0;0.0000;0;0.0000;RejInput;AccInput
MotorImagery;2021-01-26 09:16:24.3557;17889;1dfb3b79560eaefd9cba4bbe1845a517;anonymous;ReceivingData;0.7561;85;NULL;NULL;NULL;NULL;NULL;NULL;NULL;NULL;NULL;NULL;NULL;NULL;NULL;NULL;NULL;NULL;NULL;NULL;NULL;NULL
Rest;2021-01-26 09:16:25.2434;17951;1dfb3b79560eaefd9cba4bbe1845a517;anonymous;ReceivingData;0.6789;85;NULL;NULL;NULL;NULL;NULL;NULL;NULL;NULL;NULL;NULL;NULL;NULL;NULL;NULL;NULL;NULL;NULL;NULL;NULL;NULL
MotorImagery;2021-01-26 09:16:33.4223;18539;1dfb3b79560eaefd9cba4bbe1845a517;anonymous;ReceivingData;0.7391;86;NULL;NULL;NULL;NULL;NULL;NULL;NULL;NULL;NULL;NULL;NULL;NULL;NULL;NULL;NULL;NULL;NULL;NULL;NULL;NULL
Rest;2021-01-26 09:16:33.5519;18547;1dfb3b79560eaefd9cba4bbe1845a517;anonymous;ReceivingData;0.6915;86;NULL;NULL;NULL;NULL;NULL;NULL;NULL;NULL;NULL;NULL;NULL;NULL;NULL;NULL;NULL;NULL;NULL;NULL;NULL;NULL
MotorImagery;2021-01-26 09:16:33.6652;18555;1dfb3b79560eaefd9cba4bbe1845a517;anonymous;ReceivingData;0.7263;87;NULL;NULL;NULL;NULL;NULL;NULL;NULL;NULL;NULL;NULL;NULL;NULL;NULL;NULL;NULL;NULL;NULL;NULL;NULL;NULL
Rest;2021-01-26 09:16:33.8068;18565;1dfb3b79560eaefd9cba4bbe1845a517;anonymous;ReceivingData;0.6770;87;NULL;NULL;NULL;NULL;NULL;NULL;NULL;NULL;NULL;NULL;NULL;NULL;NULL;NULL;NULL;NULL;NULL;NULL;NULL;NULL
MotorImagery;2021-01-26 09:16:34.4756;18613;1dfb3b79560eaefd9cba4bbe1845a517;anonymous;ReceivingData;0.7125;88;NULL;NULL;NULL;NULL;NULL;NULL;NULL;NULL;NULL;NULL;NULL;NULL;NULL;NULL;NULL;NULL;NULL;NULL;NULL;NULL
InputWindowChange;2021-01-26 09:16:35.2457;18665;1dfb3b79560eaefd9cba4bbe1845a517;anonymous;NULL;NULL;NULL;Open;19;-25.0699;0.0000;Running;2.6352;3;0.4000;0;0.0000;0;0.5500;0;0.0000;0;0.0000;0;0.0000;NA;NULL
Rest;2021-01-26 09:16:37.0094;18790;1dfb3b79560eaefd9cba4bbe1845a517;anonymous;ReceivingData;0.6731;88;NULL;NULL;NULL;NULL;NULL;NULL;NULL;NULL;NULL;NULL;NULL;NULL;NULL;NULL;NULL;NULL;NULL;NULL;NULL;NULL
MotorImagery;2021-01-26 09:16:37.1361;18798;1dfb3b79560eaefd9cba4bbe1845a517;anonymous;ReceivingData;0.7169;89;NULL;NULL;NULL;NULL;NULL;NULL;NULL;NULL;NULL;NULL;NULL;NULL;NULL;NULL;NULL;NULL;NULL;NULL;NULL;NULL
InputWindowChange;2021-01-26 09:16:37.1401;18798;1dfb3b79560eaefd9cba4bbe1845a517;anonymous;NULL;NULL;NULL;Closed;19;-27.1516;0.0000;Running;2.6352;3;0.4000;0;0.0000;0;0.5500;0;0.0000;0;0.0000;0;0.0000;NA;NULL
GameDecision;2021-01-26 09:16:37.1411;18798;1dfb3b79560eaefd9cba4bbe1845a517;anonymous;NULL;NULL;NULL;Closed;19;-27.1516;0.0000;Running;2.6352;2;0.4500;0;0.0000;0;0.5500;0;0.0000;0;0.0000;0;0.0000;AccInput;AccInput
Rest;2021-01-26 09:16:37.3746;18815;1dfb3b79560eaefd9cba4bbe1845a517;anonymous;ReceivingData;0.6773;89;NULL;NULL;NULL;NULL;NULL;NULL;NULL;NULL;NULL;NULL;NULL;NULL;NULL;NULL;NULL;NULL;NULL;NULL;NULL;NULL
GameStopped;2021-01-26 09:16:43.8349;19281;1dfb3b79560eaefd9cba4bbe1845a517;anonymous;NULL;NULL;NULL;Closed;20;0.0000;0.0000;Stopped;2.6352;2;0.4500;0;0.0000;0;0.5500;0;0.0000;0;0.0000;0;0.0000;NA;NULL
